20190214,528355590,1007,1550116916.2048416,112.62796039804014,42.49814710648535,568.9840754043411,[ 38.55378402  58.09363121  77.40214472  96.78289618 116.1196787
 135.43042518 154.88260153 174.2071166  193.46133612 213.79360652
 232.27205673 250.80386806],[0.17732272 9.19773662 0.09265929 0.22185309 0.17243916 0.09462458
 0.11024304 0.10539366 0.11616106 0.09795291 0.1150196  0.16061497
 0.25424949 0.14329075 0.23780763],__,-13.109999999999957,323.434,0.07937486479419463,
20190223,530132508,1081,1550960374.4733906,119.07159974727399,45.06815037167885,2689.169350706228,[ 82.44109598 103.17556887 124.00000447 144.38874088 164.79558492
  62.71583915],[8.36177320e-01 1.33912735e+02 6.58657620e-01 1.06014724e-01
 1.72218260e-01 2.17576843e-01 2.28748173e-01 1.71981739e-01
 1.61449615e-01],__,-10.729999999999961,324.862,0.07241107185514828,
20190223,530132508,1082,1550960356.020305,119.31774582122729,44.26665848106104,2698.663841066707,[ 61.15649593  82.0614817  102.09694997 122.7381417  144.60986962
 164.30270535 203.70766593 226.89668834 245.90950808],[6.80992989e-01 1.09922450e+02 5.55419872e-01 1.42471478e-01
 9.73012571e-02 1.34352293e-01 2.05622479e-01 1.89592819e-01
 1.64319856e-01 2.65453314e-01 2.91941229e-01 2.46053386e-01],__,-10.739999999999952,324.85600000000005,0.09388106355543434,
20190224,530155121,1113,1550968975.456089,95.67100466679504,49.486569921394626,2307.3293348177694,[ 40.88080312  60.77752086  81.44615999 101.24254286 122.3941936
 162.95616243 203.30296713 224.79376369 244.85617619],[ 0.29699149 44.23876208  0.30777247  0.16914243  0.16109614  0.06938028
  0.1254409   0.16061832  0.0996496   0.18546136  0.23167541  0.16279639],__,-9.46999999999997,325.61800000000005,0.08529878423154874,
20190224,530155121,1195,1550970210.2449841,112.17097301730995,59.95759242506801,3439.956163393786,[ 82.36183236 102.96290122 123.64039174 144.71080926 164.69197072
 185.93977327 206.76560766 227.05795644 246.64345483],[ 0.55325962 86.04857354  0.32593405  0.09235976  0.12372005  0.16345013
  0.17665812  0.13650694  0.21262204  0.21982775  0.24758288  0.21311718],__,-9.529999999999973,325.58200000000005,0.07457853563721303,
20190302,531420576,1004,1551562437.0,118.72731113823284,47.944982500786004,226.84812753838386,[ 38.65081295  57.74164613  78.20617421  97.6038322  117.45346742
 136.92826662 156.43707726 176.59336016 195.74219299 217.73679086
 235.3084646  250.2532415 ],[0.11165625 3.54309946 0.03830529 0.20385363 0.19609746 0.07823159
 0.09961808 0.1480122  0.14139432 0.08242868 0.10500967 0.19297636
 0.18844825 0.16180401 0.22723469],__,-3.4699999999999704,329.218,0.23104508547190136,
20190302,531420576,1005,1551562448.5158079,117.11992562847973,50.854770109857554,297.2797559216897,[ 38.50543486  59.25605373  77.2787891   97.16794032 117.05898351
 135.5274173  154.61481688 174.37076505 192.30367013 213.41674451
 232.64604864 251.70716067],[0.10730524 4.05596525 0.04165986 0.20899709 0.22519176 0.07410969
 0.10076432 0.15330269 0.14408986 0.07687833 0.09636638 0.17596625
 0.15100792 0.14088223 0.19537035],__,-3.4799999999999613,329.21200000000005,0.11180005353431065,
