20190212,528121421,1212,1550001733.105328,91.14440014859315,120.75248605884804,-5172.42730087755,[ 26.01724665 129.6426733  144.80635435 259.28128091],[ 0.61558867 86.73362828  0.21278686  0.15037112  0.23744658  0.27671423
  0.44553487],__,-38.42999999999998,308.242,0.14092032142486838,
20190212,528121421,1214,1550001719.206227,92.85687138834597,120.36738892467102,-4963.754594571282,[ 26.51789674  51.78537739  78.59778094 102.83306511 129.60099745
 259.06427989],[ 0.51426726 71.11343126  0.17327992  0.12133284  0.15114804  0.20894596
  0.24262833  0.20450225  0.42495955],__,-38.46999999999997,308.218,0.1109788592677563,
20190212,528135910,1214,1550008321.5828872,109.89515064058897,114.46460842919171,4224.166147107214,[ 24.90098511  51.38428746  76.8795177  102.02271584 128.99572573
 258.52723316],[ 0.38243596 51.17275377  0.17195956  0.12003336  0.14674607  0.20530638
  0.18556995  0.13202786  0.29080142],__,-38.90999999999997,307.954,0.16134165577047824,
20190213,528297736,1218,1550086618.8813074,91.54970818491967,137.68166961208095,4885.417960517037,[ 25.89362001  51.64565189 129.29175833 257.96517246],[ 0.39819853 51.39456254  0.16625069  0.10801211  0.14573225  0.12584235
  0.31493812],__,-39.96999999999997,307.31800000000004,0.045152971385294415,
20190213,528297736,1220,1550086610.9493272,92.1679858305459,137.32314497779618,-4450.486463866395,[ 25.76587477  51.5021998   76.97759335 103.02306157 128.7593375
 257.72476356],[ 0.29387876 37.47135786  0.10055168  0.07807883  0.15631595  0.1895892
  0.19415309  0.14030665  0.29969725],__,-39.96999999999997,307.31800000000004,0.06592924733774141,
20190214,528489908,1091,1550174171.857048,94.07667209330337,146.95118626152797,5543.954022958271,[125.98338289],[  1.56713497 175.71724871   0.31289954   0.57952642],__,-36.71999999999997,309.26800000000003,0.02442939966605478,
20190214,528489908,1092,1550174165.8159997,92.85608255384238,146.6373760426378,5387.534800520933,[ 24.90583183  49.98525138  76.1772418  100.96256921 115.38882125
 127.08300088 254.29351085],[ 0.50452173 61.64615904  0.17423443  0.13544985  0.20291338  0.20947225
  0.23348963  0.23823862  0.15517923  0.35514441],__,-36.73999999999998,309.25600000000003,0.09742228777219455,
20190215,528682603,1101,1550259945.7528808,91.13806213308901,130.78093157865874,4718.111937145673,[ 25.69426086  52.04747824 103.35141854 116.7600495  128.52595591
 257.0570132 ],[ 0.34240158 46.39569828  0.12185703  0.11669122  0.1255343   0.18390078
  0.19504336  0.13594951  0.32669528],__,-33.51999999999998,311.18800000000005,0.0850075653269518,
20190220,529579639,1092,1550695767.6829271,101.41811603794056,119.68304220700666,3727.288059821262,[ 25.91821013  51.32892126  77.02409498 102.60455616 116.94252835
 129.71052146 259.0889291 ],[ 0.35090948 40.65781607  0.12323478  0.08857182  0.13700889  0.15930899
  0.20851251  0.19551852  0.12610201  0.2892907 ],__,-25.359999999999985,316.084,0.07707762505962222,
20190220,529579639,1097,1550695730.5853906,99.39065675012829,120.19879306535712,3689.892299339568,[ 25.44215358  51.6414935   77.90197411 104.80508251 116.65072965
 129.94329817 259.9873756 ],[ 0.37443127 41.75526599  0.13434762  0.17250902  0.17254424  0.19719564
  0.21795119  0.18712462  0.12171406  0.28840506],__,-25.419999999999987,316.048,0.0916588240705663,
20190306,532113754,1114,1551904126.7593877,89.60805650228555,112.65793883288391,-4856.778071881972,[ 26.20567666  77.3493322  105.14049703 131.04134648 262.38006646],[ 0.32495107 50.43860603  0.16096729  0.10100799  0.18635315  0.17214133
  0.12235484  0.24502386],__,-31.349999999999966,312.49,0.05407793775995819,
20190307,532278142,1151,1551980760.8557143,96.28777223270531,136.75128155468158,-3985.2520751483735,[ 25.2936448   50.01329988 102.23318224 127.39625784 255.480462  ],[ 0.24895012 30.38650568  0.09143848  0.11972189  0.16657666  0.17779167
  0.11775204  0.24884717],__,-19.97999999999999,319.312,0.09170748198801386,
20190311,533032439,1105,1552343446.1188278,91.12183453443356,127.17855510718172,-3652.60313402027,[ 26.09463214  52.30102451  78.81821367 103.49443262 130.75489917
 261.60677616],[ 0.2705499  31.62085278  0.10378045  0.1054629   0.1666211   0.19780535
  0.20968195  0.11129787  0.25446317],__,-30.119999999999976,313.228,0.06621604874967273,
20190311,533032439,1107,1552343429.4027479,92.7425847938415,127.41676881744391,-3642.4390904897555,[ 26.19806072  51.55360847 104.03930769 130.84740447 261.82540595
  78.34546312],[ 0.32220822 34.8917538   0.10686273  0.11923805  0.18947929  0.20382599
  0.13921467  0.27533061  0.21584112],__,-30.109999999999985,313.23400000000004,0.07273326017928726,
20190320,534674516,1166,1553099932.1922252,96.29533311111076,138.5990619013176,-4126.929043862461,[ 25.35186319  50.35090489  76.24647208 126.80783552 254.99900929],[ 0.29198107 36.63594889  0.09515615  0.10464953  0.15234592  0.1740542
  0.14731426  0.35925415],__,-20.419999999999987,319.048,0.08125859813588475,
20190321,534873038,1157,1553186209.3304262,80.55568743982236,139.06357095305586,4073.988844607209,[ 25.75770441  51.26548111  76.68798219 103.35640273 116.80375077
 128.30186025 214.68189465 257.93119272],[ 0.2445732  30.4850271   0.08565636  0.10877629  0.14144726  0.16375869
  0.20049667  0.18860584  0.11447761  0.31181392  0.30208711],__,-22.19999999999999,317.98,0.13046529727840342,
