20190211,527958214,1009,1549922462.904435,56.189341356509026,1587.4268904550365,65.20520633672879,1549922413.2517772,319.58349981561224,[ 56.90930669  75.65222617  94.75215464 113.70886289 134.47062771
 151.18348591 170.62453679 207.87780523 227.15357143],[1.73516755e+01 4.86329451e+02 1.94331626e-01 9.89797117e+01
 2.00469170e-01 1.63202396e-01 1.75933038e-01 1.15943555e-01
 1.56850699e-01 1.55467873e-01 1.43129951e-01 2.27758115e-01
 1.99224144e-01],__,319.58349981561224,0.11307564878967886,
20190214,528502194,1023,1550177789.2386246,48.806299605929624,1352.8022417103912,117.31565863401883,1550177791.8589692,319.69626468521443,[ 39.11824497  59.20251552  77.23190507 116.7086322  136.08821576
 156.00275265 175.35929199 194.55483325 212.83666517 233.73943335],[1.51724034e+01 4.22971140e+02 1.66787625e-01 9.92209953e+01
 2.01864863e-01 1.10981733e-01 2.49449064e-01 1.03723612e-01
 2.20687717e-01 1.92992506e-01 1.58208733e-01 2.07667468e-01
 2.37083280e-01 2.54190499e-01],__,319.69626468521443,0.13731227679464664,
20190214,528502194,1024,1550177797.1981785,53.956648827802475,1015.1404459633235,117.06027804762387,1550177797.6241145,319.8901301853847,[ 58.32202961  77.52410868 116.89234823 135.99382054 155.84392587
 175.66831416 195.23222086 234.04667673],[1.67187365e+01 3.15224348e+02 1.20527482e-01 9.90795725e+01
 1.82616851e-01 2.78518674e-01 1.00104067e-01 2.25657104e-01
 2.00426564e-01 1.50328267e-01 2.30587203e-01 2.13553253e-01],__,319.8901301853847,0.05535779431944244,
20190214,528502194,1025,1550177805.5084739,49.62706029621973,1653.3188867610993,123.99333228278299,1550177812.3860466,320.5871010958473,[ 59.26236807 113.69348825 130.56077303 148.93952395 165.26614859
 204.0865742  216.28341502],[1.56691340e+01 5.43712134e+02 7.29155834e-01 9.91577327e+01
 3.21741228e-01 5.30555481e-01 6.48452893e-01 7.42343370e-01
 7.29596824e-01 8.78426462e-01 9.61409746e-01],__,320.5871010958473,0.5507732593990233,
20190214,528502194,1026,1550177820.3312578,54.86222623988946,1053.853541360746,115.35614429565805,1550177819.4235373,319.7841045317581,[ 58.68475392 117.50685759 136.36964424 156.34549562  97.31807952
 176.18213462 195.12813321 235.30880523],[1.69571841e+01 3.23434475e+02 1.36419843e-01 9.90525808e+01
 1.63315879e-01 1.07616459e-01 2.74952882e-01 2.40571718e-01
 2.50832921e-01 1.79171166e-01 2.60836270e-01 2.29316041e-01],__,319.7841045317581,0.060880450770394764,
20190214,528502194,1027,1550177833.0654209,55.610261385125874,1355.502935131139,116.66542551531757,1550177834.414585,319.37344641360556,[ 58.88031037 118.02424545 176.61667333 236.72077433],[1.72088111e+01 4.17825983e+02 2.48295738e-01 9.90098292e+01
 1.72838870e-01 1.29171358e-01 1.97519737e-01 2.74973181e-01],__,319.37344641360556,0.05543995959856666,
20190214,528502194,1028,1550177847.3778443,54.30958650884268,1663.4656986775485,116.98570133391443,1550177850.0059583,318.2157956762168,[ 58.35412951 117.66188263 176.39179517 214.38170936 235.15726503],[1.68984354e+01 5.15735939e+02 2.95853161e-01 9.90240813e+01
 2.11074656e-01 1.41378301e-01 1.96044906e-01 3.19421432e-01
 2.80078616e-01],__,318.2157956762168,0.08202596846400527,
20190214,528502194,1029,1550177867.311236,63.041277934147224,2565.464983912026,109.92545468483844,1550177863.4441178,317.72097783224376,[117.8446818  176.55954995 235.34889814],[1.93124542e+01 7.75580893e+02 6.59426870e-01 9.86838236e+01
 2.70139664e-01 3.78900802e-01 5.95776324e-01],__,317.72097783224376,0.051820519518675924,
20190214,528518474,1006,1550187776.9446495,59.10172174450014,1465.142401543202,114.88021985358053,1550187777.7989798,317.61700169329174,[116.08241454],[ 21.464329   576.01574709   3.53439722  98.9518321    5.0188622 ],__,317.61700169329174,0.12849360591036924,
20190214,528518474,1007,1550187764.1925879,57.987145232498825,1238.5826583316236,115.62936053768784,1550187765.2366805,313.35180954909487,[ 57.7021729  115.70481555 134.49184112 173.5515258  230.84949397
 212.73414108],[1.30641249e+01 2.80079065e+02 1.55511716e-01 7.05966665e+01
 1.65439003e-01 1.27017154e-01 2.64105042e-01 1.66590332e-01
 2.28487078e-01 3.51094940e-01],__,313.35180954909487,0.09407820307212508,
20190214,528518474,1008,1550187750.9849875,63.426166887591464,1703.449392746975,116.29550616658646,1550187752.495783,318.04366689897495,[113.98419239 170.84866217 227.35171173],[1.97478382e+01 5.36880630e+02 3.01815894e-01 9.86850841e+01
 2.58806905e-01 3.50560553e-01 4.91328966e-01],__,318.04366689897495,0.07638958873723367,
20190214,528518474,1009,1550187737.5347757,56.816876627426026,1032.1839263223378,117.43468406220607,1550187738.7081454,313.7200277659149,[114.73491398 172.14066947 228.97721296],[ 13.52246942 254.55209069   0.52752133  75.01304956   0.32300206
   0.5100141    0.70768787],__,313.7200277659149,0.1354754974224405,
20190214,528518474,1010,1550187724.813791,61.110455293034214,816.4226248115023,116.08045913944586,1550187723.3720179,311.9578976944921,[115.75607336 172.58205621 231.78275063],[ 15.03561472 204.02155498   0.26607393  76.77812947   0.27435986
   0.41140409   0.58762512],__,311.9578976944921,0.18156755164182492,
20190214,528518474,1011,1550187712.615097,60.833376784598954,494.0885646094131,117.20130933280883,1550187711.5512643,318.05225003357924,[ 57.36344494  77.20301793  96.17256818 115.82381779 135.5198301
 173.8896561  212.31954424 231.53328407],[1.55993987e+01 1.26804106e+02 5.96651510e-02 8.15849705e+01
 2.27281815e-01 2.59233844e-01 2.37405469e-01 1.21795327e-01
 2.26822191e-01 1.55912219e-01 3.77367705e-01 2.34217800e-01],__,318.05225003357924,0.08935627111069311,
20190214,528518474,1012,1550187698.8012464,60.02728391624117,742.1970007537847,116.79939982343588,1550187697.967711,316.24702003681284,[115.11605544 172.70762785 192.93758831 211.19634243 230.59224257
 249.36149588],[1.49109585e+01 1.84659957e+02 8.30986340e-02 7.85633842e+01
 1.24503885e-01 1.73004436e-01 2.93910992e-01 2.95416940e-01
 2.37876395e-01 3.52782954e-01],__,316.24702003681284,0.08871369335512863,
20190214,528518474,1013,1550187682.3631432,54.73438437507203,848.5604913344096,117.4604470442673,1550187682.7804513,312.60832306315746,[115.17877771 172.45242175 230.07021337],[1.36988348e+01 2.13246746e+02 1.79976008e-01 7.82854871e+01
 1.59067838e-01 2.70624988e-01 3.39665247e-01],__,312.60832306315746,0.11479545430580645,
20190214,528518474,1014,1550187666.5771613,59.0434011292136,1296.2962434694978,113.75550129915935,1550187663.8692942,307.72927819458573,[116.26621033 174.72279392 231.81426359],[1.31699376e+01 2.93074668e+02 2.48040595e-01 6.86729470e+01
 1.94456017e-01 3.53282498e-01 4.55271367e-01],__,307.72927819458573,0.08759786993317151,
20190214,528518474,1015,1550187649.9155543,55.93876996427725,1272.0912200984826,113.71389701022797,1550187647.8442028,310.38874277638297,[116.58779762 174.70465587 232.59081949],[1.26341611e+01 2.92355006e+02 3.12872003e-01 7.02846229e+01
 2.04010836e-01 3.48586668e-01 4.37511032e-01],__,310.38874277638297,0.07833704658748196,
20190214,528518474,1016,1550187631.6712945,48.96690476457871,852.9907254257246,117.9149850771374,1550187633.7854397,315.1634746932929,[116.14572076 174.46481401 232.36235559],[ 12.62422968 240.67971648   1.40584378  81.32420786   0.94250287
   1.40994201   1.88105914],__,315.1634746932929,0.06706569652751954,
20190214,528518474,1017,1550187618.350744,63.51582219399366,1801.47815988009,113.14835922029832,1550187616.052128,318.54162101477175,[115.9894211  230.48973118],[1.97738241e+01 5.72480867e+02 4.71108635e-01 9.86748210e+01
 2.33317498e-01 5.13633756e-01],__,318.54162101477175,0.17041254413840073,
20190214,528518474,1018,1550187603.6608558,29.842095561903445,429.79928500897626,111.61607088940315,1550187600.6529212,317.22649974370887,[117.19209658 236.3415588 ],[  8.73594338 132.77074169   0.57435136  92.40965145   0.30746548
   0.62250497],__,317.22649974370887,0.5297506824744865,
20190214,528518474,1019,1550187585.7634544,63.955603965928105,2155.011406894007,111.58116862017413,1550187583.2941673,319.5656164086375,[117.00522182 175.51792677 232.64471133],[1.97496541e+01 6.67618024e+02 3.22816030e-01 9.86453225e+01
 1.25710958e-01 2.30738164e-01 2.90423874e-01],__,319.5656164086375,0.1524801454646136,
20190214,528518474,1020,1550187572.0660422,51.488927796714364,1369.460257181126,115.3099813023377,1550187573.406426,318.0051039430493,[114.60829162 228.94523286],[ 16.12243836 438.77851819   1.15607427  99.15236333   0.46533363
   1.00164498],__,318.0051039430493,0.04751278187075887,
20190214,528518474,1023,1550184643.6806734,49.93329903026814,1635.8263917390732,113.6306884755812,1550184642.868413,319.29079604467415,[117.89960394 136.61149765 157.97328225 176.71959904 215.31623897
 235.00161756],[1.55098444e+01 5.08481829e+02 2.56733595e-01 9.91704546e+01
 1.42655111e-01 2.41903011e-01 2.42548755e-01 2.18505159e-01
 3.39473028e-01 3.46031439e-01],__,319.29079604467415,0.13229905542017778,
20190214,528518474,1024,1550184650.8730202,50.81521041002317,879.1203848478821,114.60638417659861,1550184648.7886062,312.95427569322635,[117.99296382 156.94188061 177.40071622 197.49168093 236.26938355
  58.60584184  79.1244149 ],[1.28017384e+01 2.22469013e+02 1.53284241e-01 7.88566399e+01
 1.34557804e-01 2.87397540e-01 2.16180029e-01 2.96536161e-01
 3.16554496e-01 2.55073166e-01 3.31741363e-01],__,312.95427569322635,0.1230378267690993,
20190214,528518474,1026,1550184671.6801171,53.922251942821184,831.6831095541773,115.28650559072143,1550184670.1928794,313.5793011867519,[ 58.91326037 117.88228224 176.95966693 235.37863836 255.13473108],[1.35540566e+01 2.09651233e+02 1.16762708e-01 7.87996118e+01
 1.42120700e-01 1.05238705e-01 1.48121405e-01 2.31947685e-01
 3.02915998e-01],__,313.5793011867519,0.06174262817099799,
20190214,528518474,1027,1550184682.1097648,53.2229044883724,1006.8641867876266,115.13795954685305,1550184681.7279887,319.0570417415366,[119.02375446 238.25226426  59.02152901 178.1594179 ],[1.65700581e+01 3.17068060e+02 2.75289397e-01 9.90972850e+01
 1.87129439e-01 3.88266847e-01 2.40646352e-01 2.63394550e-01],__,319.0570417415366,0.11324546282749304,
20190214,528518474,1028,1550184693.9626846,55.906932112281034,1601.7534583745253,111.99150841221531,1550184691.9276204,317.44055221708913,[120.12729822 180.02672496 240.47327733],[1.75732538e+01 5.13062935e+02 1.03693827e+00 9.89664639e+01
 4.63971359e-01 6.51355759e-01 8.95253825e-01],__,317.44055221708913,0.16188144805784938,
20190214,528510459,1006,1550181899.3713295,29.576644430764404,304.287769195248,101.9081177531944,1550181887.124022,319.4237112638716,[128.41717806 239.90943683],[ 9.2557181  98.34630019  0.36445619 99.72518592  0.23774515  0.49111603],__,319.4237112638716,0.4936796649298142,
20190214,528510459,1007,1550181884.3150985,62.77941615387555,1913.3937701860757,113.31714735702023,1550181883.017422,318.9093087355335,[ 58.08861801 116.58025696 174.86406956 232.12082463],[1.94310547e+01 5.93012892e+02 2.14637501e-01 9.87062331e+01
 1.59038037e-01 1.28109953e-01 1.74193594e-01 2.57269464e-01],__,318.9093087355335,0.1563683890665352,
20190214,528510459,1008,1550181870.0039585,55.70755493222616,1403.7084835106584,112.12742759487809,1550181867.2024012,299.4196428115507,[116.99917881 175.63783577 233.36596274],[1.23696439e+01 3.12939354e+02 2.37637679e-01 6.65365205e+01
 1.70101025e-01 2.44895438e-01 3.07337519e-01],__,299.4196428115507,0.13005673209483817,
20190214,528510459,1009,1550181856.345989,60.1729072909042,1002.6980360765862,115.15994117762243,1550181854.8137617,318.5461421272367,[ 59.02453533  76.70722216 117.17163863 176.26551087 233.89288328],[1.41053751e+01 2.37655262e+02 1.83944751e-01 7.47504958e+01
 2.70285909e-01 3.36728595e-01 2.37538694e-01 3.95855487e-01
 5.33275408e-01],__,318.5461421272367,0.12507674775695962,
20190214,528510459,1010,1550181842.8943968,62.0953450119008,571.5905343341786,118.10005409041845,1550181842.7955031,320.0997828920642,[ 58.07397353  77.50397463  96.45139579 116.64074166 174.87358931
 232.72241633 251.99928313],[1.56055130e+01 1.44321259e+02 9.09340258e-02 8.04329647e+01
 1.91606417e-01 3.03334028e-01 2.74992297e-01 1.59748729e-01
 2.20786136e-01 2.99844383e-01 3.72246991e-01],__,320.0997828920642,0.11289993280282405,
20190214,528510459,1011,1550181832.4984717,63.07257468680939,363.1024490993171,117.55885528225339,1550181831.3277233,316.19059684260765,[ 39.07484084  58.576837    78.00647721  97.40251877 117.13278741
 136.50138826 175.59142169 214.41111411 233.37112872],[1.63111467e+01 9.37712190e+01 5.25197309e-02 8.18199352e+01
 3.49533926e-01 1.71128053e-01 3.94114080e-01 2.13152623e-01
 1.41024805e-01 2.50741212e-01 1.73243813e-01 4.28440805e-01
 2.36785454e-01],__,316.19059684260765,0.04709326018165134,
20190214,528510459,1012,1550181820.0,60.86361637724585,748.4160470466762,117.04911723355005,1550181819.6043634,310.3643349117438,[116.14823236 174.2914713  212.83179211 232.11672937 250.49682219],[1.52298573e+01 1.87878214e+02 1.07366676e-01 7.76198571e+01
 1.56411710e-01 2.14804435e-01 4.11356691e-01 3.16113248e-01
 4.56228055e-01],__,310.3643349117438,0.07314024991893403,
20190214,528510459,1013,1550181805.205245,58.892983960020445,1111.0469830054635,118.1297506601501,1550181807.0426545,310.9302782037273,[115.92545236 174.61418328 232.08702721],[1.37112887e+01 2.62119125e+02 2.59170524e-01 7.25341037e+01
 2.10413941e-01 3.64836563e-01 4.66846725e-01],__,310.9302782037273,0.056316624859756206,
20190214,528510459,1014,1550181792.9943023,53.423062641056326,1375.2681699338696,112.15368960944748,1550181790.1867428,317.57848879471493,[117.54511959 236.03721224],[1.63721320e+01 4.24328678e+02 9.16418162e-01 9.91347450e+01
 3.89839984e-01 8.89122779e-01],__,317.57848879471493,0.281342563874282,
20190215,528711629,1007,1550273562.8316312,62.11023699047877,1921.376539166375,111.3726453624705,1550273559.7008638,318.7876717475283,[ 59.22839852 118.23685591 177.29829191 218.24109237 236.74265171],[1.92566101e+01 5.98287864e+02 2.13330449e-01 9.87263936e+01
 1.21103407e-01 1.01374415e-01 1.23420741e-01 3.04755907e-01
 1.83151090e-01],__,318.7876717475283,0.06242623840853606,
20190215,528711629,1008,1550273546.1621952,62.88177945866396,1767.533073889869,112.70996878121764,1550273543.8492045,319.3872109732846,[ 59.23695673 118.4438939  157.46577768 177.60282699 217.07713239
 236.66763597 255.77666215],[1.94407806e+01 5.47385432e+02 1.69889830e-01 9.87162554e+01
 1.35284826e-01 1.04867782e-01 2.07953201e-01 1.39022192e-01
 2.62539701e-01 1.76524516e-01 2.69261434e-01],__,319.3872109732846,0.10701786458369847,
20190215,528711629,1009,1550273534.900063,60.9121822132373,987.4350605938099,115.84285628748232,1550273533.842069,320.30239782943966,[ 59.10235685  78.86107847  98.57977971 118.06861229 137.53754684
 157.84434585 177.26788483 235.99415667 254.82726553],[1.42463445e+01 2.31310630e+02 1.22225890e-01 7.49339944e+01
 1.61602009e-01 2.74845786e-01 2.29911004e-01 1.12952699e-01
 3.05757710e-01 2.67673139e-01 1.96230986e-01 2.59258886e-01
 3.36609874e-01],__,320.30239782943966,0.13696764313603418,
20190215,528711629,1010,1550273523.4652627,61.00828568375321,591.77416518108,115.35783710273756,1550273520.6434119,316.93910402051716,[ 38.55854742  59.11710556  78.6070375   98.24397174 118.03824075
 138.09697545 157.29525781 177.22576132 196.44291025 235.86950808
 255.5289825 ],[1.54554952e+01 1.49871576e+02 7.06762634e-02 8.03198174e+01
 3.08813097e-01 1.53122470e-01 2.72813989e-01 2.21319544e-01
 1.25087771e-01 2.84670757e-01 2.41776720e-01 1.51285605e-01
 3.24371394e-01 2.05638241e-01 3.47994267e-01],__,316.93910402051716,0.0941419760444944,
20190215,528711629,1011,1550273509.2727926,60.37874308448558,521.6075102494145,117.21721750847698,1550273508.2173681,317.9037002073869,[ 39.47415406  59.20372046  78.64568117  98.7930897  118.31298885
 138.43709704 156.79507732 177.57940978 216.94129345 236.40203831
 256.09001219],[1.54634422e+01 1.33666556e+02 5.14796693e-02 8.14253072e+01
 1.96335735e-01 1.29901379e-01 2.16143749e-01 1.46930194e-01
 8.91177409e-02 1.61224675e-01 1.79755152e-01 1.09664192e-01
 3.37918088e-01 1.60576746e-01 3.34715300e-01],__,317.9037002073869,0.06040868150705239,
20190215,528711629,1012,1550273496.0302122,59.071347405677045,810.723956945257,116.41453762768006,1550273495.2591708,320.21527016516967,[ 39.3393609   59.20192928  79.80075078  98.56479041 118.44489194
 138.17873033 158.14368119 177.73696121 197.5635745  216.56300452
 236.20730367 255.64984272],[1.44293477e+01 1.98626812e+02 7.40593073e-02 7.81822922e+01
 1.92028705e-01 1.24357741e-01 1.91759162e-01 1.66460627e-01
 9.97187150e-02 2.27966868e-01 1.86902456e-01 1.18403928e-01
 2.19526771e-01 2.50285804e-01 1.73983073e-01 2.41154992e-01],__,320.21527016516967,0.09489276653489165,
20190215,528711629,1013,1550273480.420813,58.2396964017345,1086.2288685766741,116.68292277920727,1550273480.76014,311.935172036501,[ 97.76711188 117.76575344 137.72884852 156.92025541 176.70913309
 197.15186459 216.89090809 235.1395231  254.01855376],[1.36424577e+01 2.55374188e+02 1.06924437e-01 7.30101096e+01
 2.07743959e-01 9.25642819e-02 2.35815621e-01 2.05886521e-01
 1.36667591e-01 2.39689513e-01 2.65798100e-01 2.18249426e-01
 2.69010292e-01],__,311.935172036501,0.13651209465355768,
20190215,528711629,1014,1550273467.4769297,59.70523677439381,1577.5109052203286,114.98318191942236,1550273467.2543585,318.99020734928564,[ 58.99083003 117.27625685 156.19114488 176.09312904 214.49223458
 234.38007757 254.41258171],[1.84977281e+01 4.89089872e+02 1.74973658e-01 9.88462841e+01
 2.19043293e-01 1.20893027e-01 2.78413721e-01 1.71602713e-01
 2.74163195e-01 2.53771606e-01 3.70431909e-01],__,318.99020734928564,0.09385204318118034,
20190215,528711629,1023,1550270437.062451,53.91170571984761,1258.4834613428457,114.31779637640051,1550270435.7887251,319.833063310489,[ 39.28565477  59.14516424  79.01117563  98.39585897 118.17690808
 138.07308403 157.69676722 177.28841704 197.27627574 216.77259027
 235.89186339],[1.67067747e+01 3.90749368e+02 1.11705782e-01 9.90687918e+01
 1.40771958e-01 9.55206294e-02 1.55883077e-01 1.23596993e-01
 8.87702658e-02 1.90100756e-01 1.51424812e-01 1.27256071e-01
 1.85180944e-01 2.30224463e-01 2.16456730e-01],__,319.833063310489,0.06506865116159224,
20190215,528711629,1024,1550270443.6911802,54.89390423329446,748.7528717338394,115.36103899780208,1550270441.799722,318.2285272581316,[ 38.65092656  59.09486369  78.9709748   98.75480121 118.51143433
 138.26548611 157.91616556 177.84317462 216.80326455 236.69151743
 256.36870173],[1.38466713e+01 1.88992792e+02 7.26660150e-02 8.02704038e+01
 1.90750866e-01 1.11134418e-01 1.58952920e-01 1.41110482e-01
 7.88432839e-02 1.40739212e-01 1.28473640e-01 9.41169515e-02
 2.05469534e-01 1.44988838e-01 2.24230053e-01],__,318.2285272581316,0.09577665038026639,
20190215,528711629,1025,1550270451.6918297,53.92827126400916,870.1172762837388,114.87480260443276,1550270449.7430823,310.8746977580723,[ 38.47369217  59.21618887  78.64009859  98.9078393  118.81123774
 138.62373303 158.19290177 178.13085452 198.1405557  217.23244779
 237.61678193 257.33459471],[1.35195259e+01 2.18125405e+02 8.10317612e-02 7.79050112e+01
 2.44022609e-01 1.08744255e-01 2.02271928e-01 1.36941689e-01
 8.43366054e-02 1.33287036e-01 1.38685153e-01 1.09724235e-01
 1.89111373e-01 2.99210607e-01 1.45813124e-01 1.85092810e-01],__,310.8746977580723,0.07011921061358412,
20190215,528711629,1026,1550270464.242879,55.22192754643146,1380.7419597524781,113.33291858384328,1550270462.1647239,319.45488069451216,[ 21.56176014  40.10485556  59.46896582  78.94992995  99.03771418
 118.86505969 138.24241822 158.63406189 178.45364434 198.02107448
 216.89956079 237.55819228 257.1658065 ],[1.71109135e+01 4.27483054e+02 1.21910717e-01 9.90178829e+01
 1.95980977e-01 1.56840885e-01 9.81283932e-02 1.77426927e-01
 1.68674949e-01 8.38195939e-02 1.66432813e-01 1.59995234e-01
 1.09779703e-01 2.26022965e-01 2.47847074e-01 1.81536564e-01
 2.54163792e-01],__,319.45488069451216,0.0915079521116951,
20190215,528711629,1027,1550270478.3929179,57.410343216847906,2046.4806042559796,110.51058230937511,1550270474.7226927,319.78652510774117,[ 38.72654751  59.55259003  79.01464467  99.3651651  119.06699865
 138.18226822 157.83618421 178.63583767 217.84267136 237.92635307
 258.44287844],[1.77565710e+01 6.33744205e+02 1.92235464e-01 9.88964338e+01
 1.99494046e-01 1.05169963e-01 1.82520005e-01 1.66205637e-01
 1.03672634e-01 1.95195794e-01 1.85406446e-01 1.34186135e-01
 2.41075465e-01 2.00639710e-01 3.26291907e-01],__,319.78652510774117,0.10677219318038995,
20190215,528698927,1007,1550267767.279297,63.661801128692886,2266.337334430267,109.78207490970004,1550267762.9916086,318.0686156468816,[ 59.66319842 119.40425739 179.14076222 238.69198337],[1.96717194e+01 6.92433493e+02 3.62341152e-01 9.86494515e+01
 1.51497313e-01 1.51505734e-01 2.05888096e-01 2.82912020e-01],__,318.0686156468816,0.040623910616955625,
20190215,528698927,1008,1550267751.7461042,59.758386619474,1652.6357707589982,111.78191529697772,1550267748.9877532,319.343096030917,[ 59.77485292 119.37350078 178.99108786 238.25749839 158.97037974
 138.5469535   79.13764369  98.90474584 218.62513161 198.45014825],[1.85024382e+01 5.12940383e+02 1.37242850e-01 9.88397126e+01
 1.23566908e-01 1.05295128e-01 1.44641849e-01 2.14527627e-01
 2.10404853e-01 2.22263004e-01 2.16402089e-01 1.93951948e-01
 2.90781493e-01 2.25517957e-01],__,319.343096030917,0.11479198169310621,
20190215,528698927,1009,1550267741.7506626,58.65324352725486,1007.7325981679043,113.99860765021633,1550267739.37367,314.1911691992737,[ 59.2147516   79.12969684 118.15760193 177.41690801 235.84803027],[1.39191895e+01 2.40144318e+02 1.38250058e-01 7.45380455e+01
 1.90215481e-01 3.09071159e-01 1.09775689e-01 1.90015691e-01
 3.09327525e-01],__,314.1911691992737,0.07840078347993817,
20190215,528698927,1010,1550267727.8378446,63.53106235012992,725.2464763342874,116.66115195200237,1550267726.7238903,321.6840918978972,[ 38.51963539  58.91950847  77.76370991  97.83934123 117.77524561
 157.6125959  176.98584242 215.03268412 235.65406551 254.36746458],[1.54377985e+01 1.76945818e+02 7.26592148e-02 7.81326821e+01
 2.21051941e-01 1.43058403e-01 2.24181205e-01 2.32936265e-01
 1.33193145e-01 2.24795944e-01 1.70645030e-01 3.90914356e-01
 2.46582284e-01 3.22768562e-01],__,321.6840918978972,0.14716707695439837,
20190215,528698927,1011,1550267716.3604326,62.526093647278486,425.5746795109765,118.26845199704715,1550267716.0820568,319.73846750343813,[ 38.64404245  59.08687258  77.71185641  98.19297244 118.13951411
 136.84400171 157.56911667 177.39085664 214.57086332 235.55292293
 253.62848513],[1.59897272e+01 1.08980720e+02 4.53219202e-02 8.17645248e+01
 2.11598503e-01 1.36817903e-01 2.40883025e-01 1.65889896e-01
 9.37251148e-02 1.73787046e-01 1.79756074e-01 1.14883370e-01
 3.07868142e-01 1.68303975e-01 3.52856442e-01],__,319.73846750343813,0.11389587580575672,
20190215,528698927,1012,1550267702.975742,63.0670323251435,701.4205023491484,117.69561753445281,1550267703.045891,317.89169558048076,[ 18.55715933  39.37766683  58.74569648  78.28184721  98.0699442
 117.56841883 136.98102138 156.61440288 176.43950245 196.10653384
 215.04432556 234.81583843 253.67179574],[1.55287976e+01 1.72747251e+02 5.49292151e-02 7.82908958e+01
 1.50501027e-01 2.04358098e-01 1.07598847e-01 1.80255862e-01
 1.65153178e-01 9.72653350e-02 2.20324820e-01 1.51830388e-01
 1.18346705e-01 2.22644997e-01 2.60839352e-01 1.97078508e-01
 3.00024023e-01],__,317.89169558048076,0.10689497862192641,
20190215,528698927,1013,1550267691.2086492,65.3377330366827,1122.2611612724127,116.07696106731683,1550267690.6396873,327.23177080533014,[ 58.69047388  77.6695653   97.90299279 116.86878699 136.82381954
 156.09449786 175.320622   196.16836489 213.55166301 233.47967504
 252.74280839],[1.44310063e+01 2.49097164e+02 8.31289848e-02 7.21930658e+01
 1.99335836e-01 2.83653775e-01 2.30189323e-01 1.07623675e-01
 2.12772921e-01 1.85801160e-01 1.36591572e-01 2.20396016e-01
 2.72778337e-01 2.21947910e-01 4.06562445e-01],__,327.23177080533014,0.07933277206468954,
20190215,528698927,1014,1550267678.8264968,68.50897256178962,2194.927317625541,111.40721681244052,1550267674.925921,319.2243906328714,[ 58.52213345  97.7517018  117.01604116 135.92888417 156.33491624
 175.72150787 195.68697031 215.29146361 232.9430343  251.68331634],[2.12484182e+01 6.89050038e+02 1.67805933e-01 9.84387646e+01
 1.67205225e-01 2.08562809e-01 1.41400601e-01 2.87126087e-01
 2.43402270e-01 2.15487576e-01 2.86480619e-01 3.74322138e-01
 3.09450603e-01 4.36717062e-01],__,319.2243906328714,0.12418315600820644,
20190215,528698927,1022,1550265032.9180806,55.34624599941278,1891.5112436487811,112.38309350328124,1550265030.764168,319.7153754089859,[ 59.36521094  78.16951352  98.42046792 118.28450666 138.18215786
 157.41201767 177.43280674 197.15908443 217.45930416 236.35581889
 256.39753283],[1.71447114e+01 5.86923635e+02 1.88093163e-01 9.89782446e+01
 1.35398802e-01 2.00780478e-01 1.50488369e-01 9.32284980e-02
 2.26217659e-01 1.67739929e-01 1.29285558e-01 2.36525441e-01
 2.54553094e-01 2.18546084e-01 3.28334869e-01],__,319.7153754089859,0.1039660064919699,
20190215,528698927,1023,1550265040.382296,54.266822528040336,1038.7023260941983,115.12231295209688,1550265038.8402436,320.0405045066245,[ 38.9211265   59.41904497  79.14530287  98.81304208 118.48506359
 137.57266187 158.12683734 177.87098715 197.49984599 216.31885056
 236.63400811 255.29421532],[1.67982700e+01 3.21735609e+02 9.94012893e-02 9.90699213e+01
 1.38386945e-01 1.19858191e-01 1.69645970e-01 1.20789439e-01
 9.67049068e-02 1.84471714e-01 1.68933297e-01 1.34938271e-01
 2.08147899e-01 2.78345769e-01 1.73501272e-01 3.71714399e-01],__,320.0405045066245,0.061776233719727916,
20190215,528698927,1024,1550265046.326273,54.51874254817294,760.0355731334477,114.76032597884577,1550265043.7021985,321.47601565945354,[ 38.27817885  59.4771455   79.00684482  99.09868459 119.03232119
 138.96708644 158.63330631 178.54282291 198.16789032 217.22079098
 237.73134272 257.41085984],[1.36519615e+01 1.90462174e+02 7.49095478e-02 8.05076686e+01
 2.36557306e-01 1.13107553e-01 1.75039035e-01 1.47556410e-01
 9.56333854e-02 1.51284950e-01 1.38105710e-01 1.04055088e-01
 1.76451112e-01 2.22881500e-01 1.68610320e-01 2.11242532e-01],__,321.47601565945354,0.055000697837562056,
20190215,528698927,1025,1550265051.923145,54.68490669721546,1365.819627037152,113.22014741348765,1550265049.3162184,317.67555802826513,[ 59.48182395  78.9739095   98.77227541 119.20113051 138.99624637
 158.72431732 178.81380047 198.16655209 217.92080371 238.2883565
 258.11491688],[1.19697050e+01 2.99069173e+02 1.19554686e-01 6.95531990e+01
 1.23157583e-01 1.65023144e-01 1.52865625e-01 8.57971362e-02
 1.59293954e-01 1.38506007e-01 1.09215432e-01 1.93846727e-01
 2.37163212e-01 1.54656117e-01 1.94782751e-01],__,317.67555802826513,0.08737341437975694,
20190215,528698927,1026,1550265065.453507,55.26079361703268,2111.506553736365,109.6695471138083,1550265061.1401114,319.8193979760928,[ 39.74142705  59.75500972  99.14755626 119.44967935 139.42111059
 159.302127   179.2381013  199.44188282 219.03429759 238.65871895
 257.73375997],[1.71102616e+01 6.55518909e+02 1.99350425e-01 9.89631731e+01
 2.04425411e-01 1.11610236e-01 1.84312041e-01 1.15804162e-01
 1.95619599e-01 1.61431207e-01 1.49083720e-01 2.37490615e-01
 2.52530090e-01 2.26387862e-01 3.53229822e-01],__,319.8193979760928,0.06641952226939485,
20190219,529409728,1020,1550610910.7345736,54.012013343013294,2076.279498999628,116.08538927012361,1550610912.9110131,319.31026889742094,[ 15.1778926   24.49214031  38.99452849  58.56136564  78.34736773
  97.63124249 117.12014406 136.60624461 156.34074365 175.7773771
 195.13593848 213.9558036  233.81746308],[1.67294516e+01 6.40571014e+02 1.83626050e-01 9.90089929e+01
 1.89479463e-01 1.71263684e-01 1.09909447e-01 8.69965908e-02
 1.42431326e-01 1.19381713e-01 1.11163333e-01 1.72354942e-01
 1.57732394e-01 1.47500400e-01 2.00715102e-01 2.44807445e-01
 2.38948586e-01],__,319.31026889742094,0.07045309888923779,
20190219,529409728,1021,1550610926.1353552,54.1289363361866,1534.2944299382548,115.30907491142479,1550610926.344546,319.8638692004001,[ 18.32236194  38.99337846  58.5420854   78.02884471  97.77335572
 117.15760854 137.05606949 156.30135846 175.85863371 195.44658167
 214.97919728 234.59934175],[1.67600670e+01 4.75181881e+02 1.18734847e-01 9.90466091e+01
 1.49368087e-01 1.32248187e-01 9.33063405e-02 1.58770427e-01
 1.12810708e-01 8.21681807e-02 1.59521720e-01 1.28954632e-01
 1.00660365e-01 1.49836689e-01 2.24784345e-01 1.49744654e-01],__,319.8638692004001,0.04183554686653187,
20190219,529409728,1022,1550610937.1678772,54.813489417018246,1149.0383725468707,116.50493704501955,1550610937.3569517,319.79454240913105,[ 18.76902521  38.90617097  58.82218682  78.49204909  98.10982973
 117.55298604 137.18454753 156.82076535 176.3650655  195.78704607
 215.70904645 235.16917982],[1.69776581e+01 3.56027892e+02 9.40088183e-02 9.90450534e+01
 1.59452489e-01 1.83634483e-01 8.77270311e-02 1.46836761e-01
 1.16663587e-01 8.41412648e-02 1.53513394e-01 1.27620169e-01
 9.70932846e-02 1.67588441e-01 2.23505200e-01 1.53609919e-01],__,319.79454240913105,0.04053375312128166,
20190219,529409728,1023,1550610944.856022,53.302485340480736,1088.7475668620573,116.21641325833384,1550610944.7625904,316.0457807466599,[ 39.14151388  58.86357603  78.46615316  98.27096158 117.85178279
 137.57268562 157.39652892 176.82885447 196.58312462 216.36805473
 235.49867123 254.10568659],[1.26047402e+01 2.57517613e+02 8.87786060e-02 7.47432238e+01
 1.30646029e-01 8.85677102e-02 1.46646001e-01 1.04579643e-01
 8.21617727e-02 1.20181475e-01 1.27952735e-01 1.06066095e-01
 1.56503066e-01 2.15960798e-01 1.74298794e-01 2.88045923e-01],__,316.0457807466599,0.06325919427372088,
20190219,529409728,1024,1550610951.4918563,56.45239898021824,1883.454808411102,115.0811039486721,1550610951.85226,319.28277761497714,[ 18.94167577  39.05823524  58.80597421  79.22639679  98.10379242
 117.62393664 137.41430117 156.89750876 176.44119452 195.69256581
 213.76558694 235.03285126 253.78178877],[1.73912590e+01 5.69803141e+02 1.47397034e-01 9.89548606e+01
 2.11556421e-01 1.12289036e-01 9.10333166e-02 1.67158768e-01
 9.76014756e-02 8.74617928e-02 1.09264762e-01 1.19696173e-01
 9.87104016e-02 1.56781306e-01 1.89080599e-01 1.44710871e-01
 1.85436105e-01],__,319.28277761497714,0.06010051726967152,
20190219,529416700,1021,1550614687.799907,62.22117652716549,2809.503637050728,108.41571574587466,1550614681.974945,318.83052947005257,[ 58.1951496  116.42025884 174.64001464 232.74970419  78.03831137
  97.27348641],[1.93499470e+01 8.83586976e+02 3.99673750e-01 9.86222098e+01
 1.27952431e-01 1.25796581e-01 1.87691767e-01 2.60643497e-01
 2.33558706e-01 2.28255557e-01],__,318.83052947005257,0.07151892013835782,
20190219,529416700,1022,1550614671.9093153,56.359508697054956,1382.1464744368084,115.15191650762979,1550614670.7670617,319.751036021001,[ 58.71260154  77.43032235  97.95850368 116.88972412 136.99541263
 156.70359117 175.61548483 233.99957484 252.79124499],[1.74067589e+01 4.23068456e+02 1.48089919e-01 9.89858824e+01
 1.37050205e-01 1.81497227e-01 1.51228956e-01 9.28148511e-02
 2.16124148e-01 2.28978628e-01 1.39092522e-01 1.92999862e-01
 2.61510463e-01],__,319.751036021001,0.10100331440995011,
20190219,529416700,1023,1550614666.2139783,54.738089732127044,601.5857557339377,116.29196307869252,1550614664.233589,317.5730932472055,[ 38.58937374  58.29507014  77.51738526  97.07177461 116.68373624
 136.32943063 155.60565811 175.00859707 194.96618188 233.38182049
 253.12962392],[1.42008295e+01 1.56474073e+02 9.20692055e-02 8.23762127e+01
 2.32769535e-01 1.41336660e-01 3.14487236e-01 2.41851033e-01
 1.25930876e-01 2.03193906e-01 3.60727561e-01 1.49854267e-01
 3.43272586e-01 2.11860856e-01 3.36659833e-01],__,317.5730932472055,0.04237946374579391,
20190219,529416700,1024,1550614658.503937,54.73184308612257,997.5718778984328,116.61580517322271,1550614657.713052,313.7190172215785,[ 38.7017534   57.59306123  76.92106868  96.5173001  115.95618494
 135.2120598  154.46085923 173.96175003 194.48711563 212.94811974
 231.9299275  250.59010488],[1.32144257e+01 2.41191462e+02 9.98588452e-02 7.57783358e+01
 2.37130464e-01 1.54718997e-01 2.44685709e-01 1.69401659e-01
 1.13503326e-01 2.28144387e-01 1.93930463e-01 1.41116259e-01
 2.42170663e-01 2.84380377e-01 2.22460644e-01 3.53647752e-01],__,313.7190172215785,0.0790651398625836,
20190219,529416700,1025,1550614649.2902114,55.06200457191134,1955.3483446286043,114.33320758445205,1550614648.540256,319.07438608568026,[ 58.12043741 116.15530926 156.60772283 174.56519283 213.31993143
 232.45788489],[1.71000165e+01 6.10420675e+02 2.64340031e-01 9.89779726e+01
 1.75125432e-01 1.13205522e-01 1.93177781e-01 1.76687569e-01
 2.73311303e-01 2.39552073e-01],__,319.07438608568026,0.10994523080732152,
20190221,529754214,1009,1550781360.0,60.6007001679498,1018.8782887372868,117.79819562074564,1550781362.3473835,329.64267312667397,[ 56.37265854  76.15663516  94.46624891 113.20220891 131.71750242
 151.13201893 169.64516849 204.97661912 225.43708573],[1.38661843e+01 2.35833059e+02 1.41357387e-01 7.52514930e+01
 2.51687689e-01 2.85088221e-01 2.92660042e-01 2.05252711e-01
 3.09127089e-01 2.96135471e-01 3.09183794e-01 4.15207144e-01
 4.28934386e-01],__,329.64267312667397,0.14688903622769597,
20190221,529754214,1010,1550781346.7704425,63.97889205300447,1328.8691950772893,117.68467766980615,1550781348.3264246,317.5701962222994,[112.11691358 150.62667084 168.20687818 205.29116995 223.75823297],[1.37099575e+01 2.88604588e+02 1.50029645e-01 6.79006861e+01
 1.75922101e-01 2.84429684e-01 2.63239105e-01 3.92343556e-01
 3.59663163e-01],__,317.5701962222994,0.13568987538381352,
20190221,529754214,1011,1550781331.5739982,64.27237209915442,1142.384403265264,116.17927453823545,1550781330.5293167,313.1122393618415,[ 75.64130789  95.23733444 113.90543434 132.84352226 151.8718317
 171.13002415 208.74923206 227.62875147],[1.45055840e+01 2.58992091e+02 8.82043158e-02 7.06049298e+01
 1.70062024e-01 1.77333375e-01 1.01320870e-01 2.12038869e-01
 1.57589564e-01 1.53737828e-01 2.68677801e-01 1.84817470e-01],__,313.1122393618415,0.10280099538902056,
20190221,529754214,1012,1550781316.6564536,64.505393723776,521.8578708079431,116.17203552797855,1550781314.5014944,314.7857672840527,[ 57.81838564  76.93982528  95.88017357 115.20858232 134.47169021
 153.48377295 172.85730611 210.01512402 230.24085864 248.77523412],[1.63260075e+01 1.32456176e+02 6.81099179e-02 7.96338389e+01
 4.56143256e-01 2.82356711e-01 2.37020021e-01 1.65339487e-01
 2.80137925e-01 2.30233675e-01 1.76932237e-01 4.62685779e-01
 2.49745354e-01 4.09713562e-01],__,314.7857672840527,0.07390341592074767,
20190221,529754214,1013,1550781302.9622304,65.50803122922072,269.6847087903354,118.40234936278502,1550781302.359371,319.05176689098084,[ 56.99763237  19.42248951  76.02969189  94.94315788 113.90411625
 133.21049298 151.96901455 171.03018219 208.75872952 227.78932183
 246.77460855 265.28248615],[1.67804319e+01 6.91585841e+01 4.06506901e-02 8.17387332e+01
 2.45660309e-01 3.13062891e-01 1.67185956e-01 2.03220025e-01
 1.29257467e-01 3.39685292e-01 2.03077524e-01 1.75791934e-01
 4.41916517e-01 2.51855800e-01 2.87126960e-01 4.35499822e-01],__,319.05176689098084,0.052557125186648554,
20190221,529754214,1014,1550781289.7365599,63.873695626977394,280.4229387699771,117.85588624480135,1550781288.7016313,319.5395272229946,[ 57.08591641  75.66091224  95.61575818 114.38488869 132.66136739
 152.39640466 171.56154026 209.80577931 190.14887986 228.76274743],[1.64593724e+01 7.24635443e+01 3.90002818e-02 8.23485455e+01
 2.66110423e-01 3.30659851e-01 2.56540220e-01 1.29689979e-01
 2.29452231e-01 1.94040438e-01 1.79923498e-01 5.18545541e-01
 2.75057560e-01 2.80090088e-01],__,319.5395272229946,0.08330621021086429,
20190221,529754214,1015,1550781276.6575217,63.56057220257679,713.3712109869499,116.49437005794653,1550781275.3055694,317.0743074340672,[ 56.71988397 114.11569093 132.76933097 152.11253973 171.30340302
 190.15219436 208.5036666  228.04340177],[1.56168346e+01 1.76617743e+02 9.30076952e-02 7.78372478e+01
 3.03898204e-01 1.93388732e-01 3.95715824e-01 3.05736627e-01
 2.88289143e-01 4.58892378e-01 4.75213335e-01 3.62482426e-01],__,317.0743074340672,0.0466589733855877,
20190221,529754214,1016,1550781262.2865407,62.77315327167699,848.0782337616461,114.2174782083137,1550781259.2178268,320.81197428374463,[114.89573865 171.86631963 229.37025703],[1.49877758e+01 2.06197835e+02 1.96024935e-01 7.66392699e+01
 2.61368566e-01 4.46362279e-01 6.45707045e-01],__,320.81197428374463,0.04533351402348756,
20190221,529754214,1017,1550781246.0304034,60.81951922726687,1108.065417538224,115.3564118903552,1550781244.9664094,314.53849461639896,[ 57.90656754 115.18524019 153.87562816 172.84035599 210.53980682
 229.5763846 ],[1.39846999e+01 2.56363956e+02 1.82142936e-01 7.24361123e+01
 2.09120016e-01 1.73686006e-01 3.11538624e-01 3.03647287e-01
 4.52948959e-01 3.63650657e-01],__,314.53849461639896,0.0984572041349275,
20190221,529754214,1018,1550781233.9071,58.66531904696571,1387.3341218518387,113.33477569619428,1550781232.187034,311.4913401060102,[115.04552707 229.1841591 ],[1.27405232e+01 3.10654154e+02 5.22704059e-01 6.86417658e+01
 2.94454259e-01 7.18559821e-01],__,311.4913401060102,0.1747581300766356,
20190221,529754214,1019,1550777698.7094731,57.38211457789561,1242.494187477418,114.51903029207608,1550777697.4068723,320.9311833408293,[ 40.7894833   61.67874674  82.00760599 102.75215589 123.20969609
 143.77441081 164.34630681 184.85583102 204.85846544 226.07684241
 246.41946496 266.14333471],[1.27864029e+01 2.77152624e+02 1.04405003e-01 7.15394946e+01
 2.44250194e-01 1.01638596e-01 1.11905446e-01 1.58400240e-01
 9.67191220e-02 1.80036093e-01 1.10729538e-01 1.06703598e-01
 2.10258795e-01 2.98743875e-01 1.62583166e-01 2.71736018e-01],__,320.9311833408293,0.05216081676815859,
20190221,529754214,1020,1550777713.1677284,59.15437472265189,1073.823151930641,114.84072063441401,1550777711.2062323,316.905511344683,[ 40.37793224  61.70537335  82.30022389 102.85016673 123.33199264
 143.8693723  164.48377019 185.06338006 205.71761499 246.74901236],[1.37385415e+01 2.49558788e+02 9.21822763e-02 7.36107948e+01
 2.16161866e-01 1.20613014e-01 1.12522605e-01 1.46536958e-01
 1.05831689e-01 2.01598814e-01 1.34182080e-01 1.30001281e-01
 3.07485799e-01 1.83061612e-01],__,316.905511344683,0.025465128733333946,
20190221,529754214,1021,1550777727.0032156,59.735029275542935,921.4780547392827,115.00355409522676,1550777724.6503706,319.4610726497724,[ 61.29691147  81.49656574 102.03997857 123.06560583 142.98854507
 164.2646236  184.68675158 204.49289398 224.46931779 245.56581079],[1.42513031e+01 2.20178734e+02 7.28237119e-02 7.62121775e+01
 1.43737310e-01 1.37729399e-01 1.76585764e-01 9.95507698e-02
 2.17668982e-01 1.42150817e-01 1.17306048e-01 2.15491037e-01
 3.78484169e-01 1.69187289e-01],__,319.4610726497724,0.06353494696315594,
20190221,529754214,1022,1550777737.9123268,60.890718316186735,1337.3053862876473,112.2641914468599,1550777733.7395937,317.8620742994713,[ 81.58818867 102.86359805 122.87786533 144.22892632 163.60753879
 184.5171853  203.88361959 245.55206544],[1.31714015e+01 2.89616881e+02 1.37547234e-01 6.87893527e+01
 2.03146686e-01 2.11668998e-01 1.13290800e-01 2.43049790e-01
 2.16659691e-01 2.01529682e-01 2.99453353e-01 2.23660770e-01],__,317.8620742994713,0.08806606271275703,
20190221,529754214,1023,1550777742.8843768,65.92721107627733,2622.8077089742806,109.70241368670732,1550777738.3340855,318.03418611411314,[ 40.01174807  60.67868738  80.20541932 101.76926158 122.51960673
 163.03146248 183.82716738 203.81902386 245.25544112],[2.04039664e+01 8.09413465e+02 2.33248292e-01 9.85127677e+01
 2.03297898e-01 3.08418732e-01 1.28143433e-01 1.97808445e-01
 1.29008697e-01 1.91553495e-01 2.15084983e-01 2.73844903e-01
 3.38215544e-01],__,318.03418611411314,0.14340218830495968,
20190221,529788403,1300,1550791648.0,82.28016630960103,2896.722072638174,110.23544591644895,1550791643.9049056,310.2967184080014,[ 70.02793149 103.51004216 153.48369064 172.30718676 191.08550758
 201.49243555],[1.15685885e+01 4.07712099e+02 1.91233466e-01 4.38459506e+01
 1.64776224e-01 1.74633633e-01 2.83165924e-01 2.74379001e-01
 3.45369758e-01 3.84820840e-01],__,310.2967184080014,0.2312172024153143,
20190221,529788403,1301,1550791637.4673657,50.81306021999429,496.0251120124207,114.09174034074626,1550791634.718273,314.5865766401777,[112.4622236  168.28331129 188.98754166 223.87431845 241.33266456],[1.36500781e+01 1.27124642e+02 8.74607082e-02 8.53663501e+01
 1.15594275e-01 1.35817352e-01 2.05212631e-01 2.38794953e-01
 2.83906860e-01],__,314.5865766401777,0.36036028779501383,
20190221,529788403,1302,1550791638.031737,58.67182795438836,456.1555924409413,115.60591589072341,1550791634.3652518,315.69162000386234,[111.97181037 150.63619406 166.52111525 186.04539617 205.89974738
 223.19622543 241.56424114 259.52859939],[1.53447684e+01 1.19340202e+02 6.82664406e-02 8.25681977e+01
 1.24140036e-01 2.07886170e-01 2.01106421e-01 1.95798861e-01
 2.98019335e-01 2.21194396e-01 3.15945525e-01 3.47697499e-01],__,315.69162000386234,0.1586455643828306,
20190221,529775831,1301,1550790750.5665214,46.96261322457813,910.619634238316,112.26611187349194,1550790746.6502914,310.5344036194649,[122.00620256 162.81725393 183.12726861 203.71976611 223.42530079
 243.63088737],[1.19671975e+01 2.32081744e+02 1.59157902e-01 7.92141015e+01
 1.49727582e-01 2.37914516e-01 1.93406810e-01 2.37734835e-01
 3.07879974e-01 3.10026397e-01],__,310.5344036194649,0.06940473756240513,
20190221,529775831,1302,1550790749.9682505,51.62776641070511,468.23848212979686,115.68337342682419,1550790746.7994928,320.4680484384449,[ 81.43693055 101.29118479 121.22915732 141.93459543 161.03527713
 181.90144274 200.79529542 222.11417539 241.93954707],[1.37410366e+01 1.24683394e+02 6.77977922e-02 8.53434567e+01
 2.17341135e-01 2.27804843e-01 1.22090716e-01 2.39946177e-01
 1.94540547e-01 1.46131296e-01 2.31665385e-01 3.07445450e-01
 2.52594573e-01],__,320.4680484384449,0.08409144742870088,
20190221,529775831,1303,1550790791.0222728,54.66967679266036,812.0904024991357,80.22521169100554,1550790751.5470572,312.92990494407786,[ 39.58630778  59.09471338  79.51926474  99.71443649 118.95612903
 158.17228407 177.00684178 195.55070932 218.92857745 238.55073463],[1.37703507e+01 2.04045048e+02 9.53369397e-02 7.89701953e+01
 1.67832031e-01 2.47568899e-01 1.43453705e-01 1.70094289e-01
 1.15355721e-01 2.02953389e-01 1.94050933e-01 2.38355364e-01
 3.54281649e-01 2.36465373e-01],__,312.92990494407786,0.15436372317987454,
20190222,529970458,1010,1550878466.3678286,53.85620137783115,492.2930197705762,117.73380434405718,1550878467.8676777,322.08993654921665,[114.64804683 154.27983491 172.52901066 228.8300583 ],[1.41072993e+01 1.28547601e+02 1.11182542e-01 8.44738794e+01
 1.43937781e-01 1.95522900e-01 1.98236124e-01 3.72080582e-01],__,322.08993654921665,0.20562191751676923,
20190222,529970458,1011,1550878455.6643758,59.36415152390913,667.9926876526627,119.27434817449313,1550878457.928064,317.68398436478384,[110.91167016 148.19486252 167.00612205 222.92007294],[1.49367107e+01 1.68867083e+02 1.26329486e-01 8.00271444e+01
 2.32921058e-01 3.52889547e-01 3.67347372e-01 5.28150645e-01],__,317.68398436478384,0.18193637974668597,
20190222,529970458,1012,1550878439.7816107,70.19691159024724,1756.854023443016,114.81796443695826,1550878437.4490533,317.21179383660234,[112.15826356 149.42408306 168.69666438 225.00338704],[2.19483898e+01 5.63503550e+02 2.02374753e-01 9.83769941e+01
 2.53541739e-01 3.51331229e-01 3.93198576e-01 5.25551768e-01],__,317.21179383660234,0.12466127177879552,
20190222,529970458,1013,1550878418.92325,59.77288955411808,951.0257340558541,114.04104056893836,1550878415.5535219,315.94490958060015,[117.15183791 136.93386242 156.0991855  175.46895865 214.27347219
 233.23419137],[1.42613055e+01 2.27447098e+02 1.32410987e-01 7.54182294e+01
 1.59085970e-01 2.96665539e-01 2.45464796e-01 1.95384877e-01
 3.88477931e-01 2.49409497e-01],__,315.94490958060015,0.14550393462352948,
20190222,529970458,1014,1550878404.5459414,61.44181732735571,466.5118371987556,115.78982060376796,1550878401.8569746,320.37004518761285,[ 57.44419353  76.85630361  96.89144546 115.88901527 135.68786959
 154.70485079 174.03576656 212.58452105 231.71362207],[1.56954074e+01 1.19556360e+02 5.86410138e-02 8.18160535e+01
 2.56160191e-01 1.95590867e-01 2.13569436e-01 1.16647667e-01
 2.33233235e-01 2.49928121e-01 1.63902725e-01 4.91919789e-01
 2.20923357e-01],__,320.37004518761285,0.06970646111482386,
20190222,529970458,1015,1550878391.239119,63.6006806862369,177.79265084795227,117.56983326850435,1550878389.1367004,319.9635000855081,[ 57.90998706  75.99872343  96.30732027 115.10061724 134.52402904
 153.32906484 172.56637483 230.4616318  249.17940347],[1.64974216e+01 4.61753692e+01 4.59889052e-02 8.30170584e+01
 2.78783664e-01 1.86036768e-01 2.61281319e-01 1.46040496e-01
 2.43026350e-01 2.07293849e-01 1.96895150e-01 2.48988605e-01
 3.67602229e-01],__,319.9635000855081,0.08228675496041431,
20190222,529970458,1016,1550878376.825928,64.75001084582046,276.0765023759427,116.79514875161951,1550878374.2619693,320.5204543841139,[ 57.40800865  76.82433587  95.65797786 115.21512835 133.79407968
 153.20032659 173.47590929 192.06381364 209.64985495 230.2927283
 249.21821391],[1.65889893e+01 7.09785630e+01 4.07052992e-02 8.21099894e+01
 1.98325245e-01 2.21337762e-01 2.26331776e-01 1.26517874e-01
 2.72366452e-01 2.31547617e-01 2.05061096e-01 3.34435140e-01
 4.99006053e-01 2.51529040e-01 4.39053276e-01],__,320.5204543841139,0.1296962899486058,
