20190225,530480996,1002,1551128011.101505,112.12429545678579,5748.847505409151,62.23354417690319,1551127967.497521,303.6283320523357,[110.65064146 192.98505611 222.23077466],[1.01419729e+02 7.62656518e+03 1.78784193e+01 2.52322083e+02
 7.00141368e+00 1.30274203e+01 1.54055644e+01],__,303.6283320523357,0.066283191649009,
20190225,530480996,1003,1551128016.3583636,118.94383297670339,6839.968268297233,64.3875007981288,1551127974.9359605,301.3936458301483,[ 26.57554295  52.87154836 108.08451432 134.63609769 188.34987131
 217.06444244],[1.21058822e+02 8.66474195e+03 1.85958566e+01 2.98754095e+02
 7.17100775e+00 9.12622130e+00 6.34056890e+00 9.83789871e+00
 1.47905088e+01 1.46411561e+01],__,301.3936458301483,0.12775298144018965,
20190225,530480996,1004,1551128022.0195959,120.63681175744256,7085.652339432373,65.48424505354964,1551127981.6577275,302.7875387895412,[ 54.02093709  80.51350361 107.97993846 134.44278332 189.39529919
 216.68581784],[1.23056231e+02 9.17400286e+03 1.96989432e+01 2.98268618e+02
 7.80275069e+00 8.68672702e+00 6.82261250e+00 8.84492786e+00
 1.48750853e+01 1.43655824e+01],__,302.7875387895412,0.0979278303717411,
20190225,530480996,1005,1551128027.7674794,116.91106811460567,6666.006709726419,67.17257514196871,1551127989.1259553,299.2965473591499,[ 26.90450896  54.75388232  82.18495108 109.26144967 137.04382677
 192.38327576 220.30817516],[1.27220159e+02 9.38011016e+03 1.78427423e+01 3.13766528e+02
 7.94250420e+00 1.03439321e+01 1.15503290e+01 8.09265472e+00
 1.35792455e+01 1.72761409e+01 1.88798390e+01],__,299.2965473591499,0.09642966538609526,
20190225,530480996,1002,1551128011.101505,112.12429545678579,5748.847505409151,62.23354417690319,1551127967.497521,303.6283320523357,[110.65064146 192.98505611 222.23077466],[3.51842462e+01 1.80543969e+03 5.04839266e-01 9.52130203e+01
 2.49622749e-01 4.80070795e-01 5.93019195e-01],__,303.6283320523357,0.066283191649009,
20190225,530480996,1003,1551128016.3583636,118.94383297670339,6839.968268297233,64.3875007981288,1551127974.9359605,301.3936458301483,[ 26.57554295  52.87154836 108.08451432 134.63609769 188.34987131
 217.06444244],[3.72339550e+01 2.13842603e+03 3.25825726e-01 9.43931835e+01
 1.23706442e-01 1.60544844e-01 1.15623812e-01 1.79536192e-01
 2.89290588e-01 2.89224660e-01],__,301.3936458301483,0.12775298144018965,
20190225,530480996,1004,1551128022.0195959,120.63681175744256,7085.652339432373,65.48424505354964,1551127981.6577275,302.7875387895412,[ 54.02093709  80.51350361 107.97993846 134.44278332 189.39529919
 216.68581784],[3.76292168e+01 2.21318366e+03 3.09499101e-01 9.42161378e+01
 1.23220344e-01 1.39403222e-01 1.12750859e-01 1.46848861e-01
 2.66657781e-01 2.57710760e-01],__,302.7875387895412,0.0979278303717411,
20190225,530480996,1005,1551128027.7674794,116.91106811460567,6666.006709726419,67.17257514196871,1551127989.1259553,299.2965473591499,[ 26.90450896  54.75388232  82.18495108 109.26144967 137.04382677
 192.38327576 220.30817516],[3.69513883e+01 2.10568855e+03 3.47418603e-01 9.45015310e+01
 1.60352543e-01 2.23113687e-01 2.59600412e-01 2.14701737e-01
 3.47056587e-01 4.66200330e-01 5.42813579e-01],__,299.2965473591499,0.09642966538609526,
