20190214,528487873,1011,1550179183.3237073,62.35523888715779,787.1943210025483,116.90483211568686,1550179182.250863,310.44245653956153,[ 58.52360679  78.07396273 117.57811287 136.69475141 155.28208169
 176.43049363 195.28048707 215.58681498 234.47031961 254.37482901],[ 57.79945272 853.4832876    3.25025527 290.76813811   8.94628708
  10.99202107   6.38948645  12.83436199  13.05112477   7.73031262
  10.987308    14.88434667  12.95133581  15.22453463],__,310.44245653956153,0.16173020824080295,
20190214,528487873,1012,1550179169.6847994,64.61335775686872,710.885046768018,117.28793294461177,1550179168.6786067,311.14329244017654,[ 58.57518406  78.01827104  97.58221825 117.12738968 136.65742993
 156.02528037 175.82611498 194.28105501 214.59410143 234.00944428
 253.83171211 274.60063853],[ 64.18363504 820.18300939   3.08250233 311.04577968   8.80413404
  10.13896718  10.67240733   6.99452839  12.85462745  13.81945593
   8.22342059  11.04570645  14.01005016  14.68892745  14.85078856
  23.28281475],__,311.14329244017654,0.08053912251375916,
20190215,528681250,1020,1550264090.9359133,61.26762449573577,532.0591676425013,118.13333324122938,1550264090.3630664,306.12119065800425,[ 59.65009081  78.12513108 100.59270673 120.24582261 140.0042738
 158.97362998 180.44963858 200.16873127 220.76616989 240.80317762
 261.21156785],[ 62.26953192 659.19794523   3.15713235 311.36543033   9.85998312
   8.61722109   9.67890592   7.74996733  12.57751232  15.39624932
   7.53576925  12.32304079  13.8401825   12.28446457  16.23291662],__,306.12119065800425,0.14599234004934686,
20190215,528681250,1021,1550264078.4766805,61.24838631194009,228.21187673130638,118.73159447746217,1550264078.105423,309.8310785557654,[ 60.12235302  80.1205694  100.28904574 119.87253359 139.87091758
 160.57254659 179.86370709 199.37806988 220.77761282 241.04933106
 260.50568235 278.50973676],[ 65.84032843 309.63176389   2.1081161  331.92069049  10.00562066
  12.4821261   10.81380419   6.38020389  11.63505261  12.86187012
   7.43359068  12.73946941  15.02176061  13.6458766   13.94583972
  19.42522809],__,309.8310785557654,0.12022489714219545,
20190225,530467292,1001,1551127521.668224,52.52427905913981,249.91861086866305,118.1651938473434,1551127520.315236,314.8089304801677,[ 40.22363161  61.10744044  81.32775439 101.93781261 121.97519263
 142.30289818 162.93256933 182.86843684 203.29327807 223.89840864
 244.15804299 264.65823658],[ 58.12701136 372.82095416   2.76367325 346.67114766  16.58635869
   7.33367538   9.79093087  11.98607963   6.58200056  11.37018404
  12.10612666   7.64764426  12.31588745  14.11105792  13.61385415
  18.325611  ],__,314.8089304801677,0.05107082473510353,
20190214,528487873,1011,1550179183.3237073,62.35523888715779,787.1943210025483,116.90483211568686,1550179182.250863,310.44245653956153,[ 58.52360679  78.07396273 117.57811287 136.69475141 155.28208169
 176.43049363 195.28048707 215.58681498 234.47031961 254.37482901],[1.53794677e+01 1.94470110e+02 7.62759190e-02 7.65849251e+01
 2.06460342e-01 2.57745748e-01 1.48070732e-01 3.06684260e-01
 3.13110861e-01 1.82008271e-01 2.61751169e-01 3.68210785e-01
 3.15662941e-01 3.75455407e-01],__,310.44245653956153,0.16173020824080295,
20190214,528487873,1012,1550179169.6847994,64.61335775686872,710.885046768018,117.28793294461177,1550179168.6786067,311.14329244017654,[ 58.57518406  78.01827104  97.58221825 117.12738968 136.65742993
 156.02528037 175.82611498 194.28105501 214.59410143 234.00944428
 253.83171211 274.60063853],[1.59834797e+01 1.75863918e+02 5.13309871e-02 7.69871564e+01
 1.45406820e-01 1.68989481e-01 1.78819120e-01 1.16199228e-01
 2.19335824e-01 2.38380069e-01 1.38368421e-01 1.87512372e-01
 2.43314226e-01 2.57479881e-01 2.58852969e-01 4.60116537e-01],__,311.14329244017654,0.08053912251375916,
20190215,528681250,1020,1550264090.9359133,61.26762449573577,532.0591676425013,118.13333324122938,1550264090.3630664,306.12119065800425,[ 59.65009081  78.12513108 100.59270673 120.24582261 140.0042738
 158.97362998 180.44963858 200.16873127 220.76616989 240.80317762
 261.21156785],[1.60005275e+01 1.39092669e+02 5.16167518e-02 7.98965634e+01
 1.61927178e-01 1.40414945e-01 1.58777894e-01 1.25759599e-01
 2.11305683e-01 2.66519184e-01 1.22292713e-01 2.07244782e-01
 2.36649204e-01 2.07187425e-01 2.84830115e-01],__,306.12119065800425,0.14599234004934686,
20190215,528681250,1021,1550264078.4766805,61.24838631194009,228.21187673130638,118.73159447746217,1550264078.105423,309.8310785557654,[ 60.12235302  80.1205694  100.28904574 119.87253359 139.87091758
 160.57254659 179.86370709 199.37806988 220.77761282 241.04933106
 260.50568235 278.50973676],[1.63863610e+01 6.13838786e+01 4.10852181e-02 8.28651122e+01
 1.98782986e-01 2.52657797e-01 2.16017900e-01 1.24374060e-01
 2.33916022e-01 2.61263852e-01 1.45559608e-01 2.58688385e-01
 3.12411627e-01 2.80103562e-01 2.87120410e-01 4.27737401e-01],__,309.8310785557654,0.12022489714219545,
20190225,530467292,1001,1551127521.668224,52.52427905913981,249.91861086866305,118.1651938473434,1551127520.315236,314.8089304801677,[ 40.22363161  61.10744044  81.32775439 101.93781261 121.97519263
 142.30289818 162.93256933 182.86843684 203.29327807 223.89840864
 244.15804299 264.65823658],[1.44455097e+01 6.86235837e+01 3.45633885e-02 8.65653622e+01
 2.25807872e-01 9.24598021e-02 1.25155327e-01 1.55685590e-01
 8.27533474e-02 1.46992283e-01 1.57419049e-01 9.66078579e-02
 1.60474340e-01 1.87212964e-01 1.79808540e-01 2.55717496e-01],__,314.8089304801677,0.05107082473510353,
20190214,528487873,1011,1550179183.3237073,62.35523888715779,787.1943210025483,116.90483211568686,1550179182.250863,310.44245653956153,[ 58.52360679  78.07396273 117.57811287 136.69475141 155.28208169
 176.43049363 195.28048707 215.58681498 234.47031961 254.37482901],[1.53794677e+01 1.94470110e+02 7.62759190e-02 7.65849251e+01
 2.06460342e-01 2.57745748e-01 1.48070732e-01 3.06684260e-01
 3.13110861e-01 1.82008271e-01 2.61751169e-01 3.68210785e-01
 3.15662941e-01 3.75455407e-01],__,310.44245653956153,0.16173020824080295,
20190214,528487873,1012,1550179169.6847994,64.61335775686872,710.885046768018,117.28793294461177,1550179168.6786067,311.14329244017654,[ 58.57518406  78.01827104  97.58221825 117.12738968 136.65742993
 156.02528037 175.82611498 194.28105501 214.59410143 234.00944428
 253.83171211 274.60063853],[1.59834797e+01 1.75863918e+02 5.13309871e-02 7.69871564e+01
 1.45406820e-01 1.68989481e-01 1.78819120e-01 1.16199228e-01
 2.19335824e-01 2.38380069e-01 1.38368421e-01 1.87512372e-01
 2.43314226e-01 2.57479881e-01 2.58852969e-01 4.60116537e-01],__,311.14329244017654,0.08053912251375916,
20190215,528681250,1020,1550264090.9359133,61.26762449573577,532.0591676425013,118.13333324122938,1550264090.3630664,306.12119065800425,[ 59.65009081  78.12513108 100.59270673 120.24582261 140.0042738
 158.97362998 180.44963858 200.16873127 220.76616989 240.80317762
 261.21156785],[1.60005275e+01 1.39092669e+02 5.16167518e-02 7.98965634e+01
 1.61927178e-01 1.40414945e-01 1.58777894e-01 1.25759599e-01
 2.11305683e-01 2.66519184e-01 1.22292713e-01 2.07244782e-01
 2.36649204e-01 2.07187425e-01 2.84830115e-01],__,306.12119065800425,0.14599234004934686,
20190215,528681250,1021,1550264078.4766805,61.24838631194009,228.21187673130638,118.73159447746217,1550264078.105423,309.8310785557654,[ 60.12235302  80.1205694  100.28904574 119.87253359 139.87091758
 160.57254659 179.86370709 199.37806988 220.77761282 241.04933106
 260.50568235 278.50973676],[1.63863610e+01 6.13838786e+01 4.10852181e-02 8.28651122e+01
 1.98782986e-01 2.52657797e-01 2.16017900e-01 1.24374060e-01
 2.33916022e-01 2.61263852e-01 1.45559608e-01 2.58688385e-01
 3.12411627e-01 2.80103562e-01 2.87120410e-01 4.27737401e-01],__,309.8310785557654,0.12022489714219545,
20190304,531715679,1016,1551736438.5292792,53.367726143552375,2007.5764139434887,113.64000853250819,1551736435.626449,310.61691335484875,[ 60.32029476  80.44591768 120.43796333 139.76126566 159.63900596
 180.52684068 200.39894239 221.12021455 240.40208145 260.65765335],[1.70167842e+01 6.41877269e+02 2.23409449e-01 9.89771015e+01
 1.16237951e-01 1.82807360e-01 1.04587415e-01 1.92100983e-01
 1.83116855e-01 1.18494445e-01 1.64984728e-01 2.41912262e-01
 1.90331920e-01 2.89059420e-01],__,310.61691335484875,0.10067595472712551,
20190304,531715679,1017,1551736421.9762523,53.928116080961814,1737.5885980331784,112.3526866391741,1551736417.3738253,311.1645233554345,[ 60.24639806  80.31957667 100.47433194 120.58981434 140.65907867
 160.77581233 180.8475304  201.07032769 221.18508226 241.19867182],[1.71354164e+01 5.49517159e+02 1.25625544e-01 9.89883510e+01
 8.59098264e-02 1.20281676e-01 1.23252153e-01 7.30549163e-02
 1.21574605e-01 1.30681417e-01 8.21359805e-02 1.24450220e-01
 1.66188323e-01 1.58779206e-01],__,311.1645233554345,0.03595367274726566,
