20190212,528131101,1247,1550010366.3169231,81.30027644062964,123.89828373675385,6383.64801225332,[ 60.59208047 120.43497924 181.02484289],[ 3.81734902 19.99152187  0.61552164 14.84994743  0.35158479  0.71576582
  1.03836298],__,-44.70999999999998,320.1632902126517,0.05736373972571699,
20190212,528131101,1253,1550010322.5237422,93.5270786586186,121.89490678081916,8176.0289031665425,[ 56.45575852 113.14313892],[ 4.65988966 19.99666613  0.89069736 15.63614182  0.65419792  1.26907758],__,-44.819999999999965,267.62440364340586,0.04870618372361702,
20190212,528131101,1254,1550010314.7692683,93.78265214597737,123.88547143344799,6358.014042103703,[ 59.94285278 120.71372136 180.39701196],[ 3.1406422  19.99060634  0.5082013  11.99928128  0.27031021  0.51706476
  0.78544589],__,-44.839999999999975,318.8740592400589,0.09474834527478297,
20190212,528131101,1263,1550010252.29633,91.43704600064133,123.51372875671011,7323.20866246478,[ 60.58888101 122.38493157 183.87312347],[ 3.91299225 19.9945394   0.85467469 14.33597458  0.34036569  0.65353093
  1.0209806 ],__,-44.99999999999997,292.70702703578013,0.047553782376129186,
20190212,528131101,1300,1550009992.7188888,97.10891149247945,127.48371239179633,7705.165213743434,[ 60.60230578 121.58317246 181.43756646],[ 2.80723262 19.99457984  0.60774719  9.32479407  0.25291721  0.48027531
  0.74326698],__,-45.639999999999986,287.41059436256853,0.04987037730003936,
20190212,528131101,1304,1550009965.883775,98.22114476191862,129.46229886545,6299.940851933652,[ 60.84249767 121.84790018 182.91579986 245.12879299],[ 2.72511809 19.9903326   0.5351793   9.78099377  0.23066885  0.38985178
  0.60222057  0.73822204],__,-45.70999999999998,312.5001191323386,0.0829257642289462,
20190212,528100746,1234,1549993700.3476908,86.94903256808063,129.86582879452442,7529.36248369327,[ 57.31392386 115.24702166 172.33011423],[ 2.20736332 19.99273052  0.38359203  7.71793695  0.18769619  0.33911134
  0.49926593],__,-42.87999999999997,317.04825464974454,0.07956599463698008,
20190212,528100746,1242,1549993750.1833832,89.43678267404772,131.4713082388789,6251.118893873776,[ 58.36184677 116.95332672 175.01342163],[ 2.00847065 19.98839561  0.36083895  6.99776694  0.14131491  0.21797116
  0.3555934 ],__,-43.02999999999997,330.2444264562316,0.10746678989735321,
20190213,528269862,1160,1550076307.7984676,124.41840227802348,131.04065307596363,5056.251443311242,[ 47.10153965  96.16331759 144.95438576],[ 4.1745087  19.98566093  0.63573655 14.91864304  0.52667226  0.9776022
  1.46798828],__,-44.98999999999998,339.02638302467614,0.46490493781615483,
20190213,528269862,1169,1550076364.2363093,81.36951516527546,129.1091478174126,5018.6766380483205,[ 15.15111563  30.47634403  60.69184089  78.21132633 121.06750433
 182.58999439],[ 2.10095737 19.98467819  0.26601577  6.62618361  0.23447457  0.29497783
  0.18689144  0.31327098  0.29774721  0.5101932 ],__,-43.099999999999966,305.77426277570186,0.09865298068216045,
20190213,528269862,1175,1550076401.2533002,85.37477162808614,126.75480159956793,4745.010850888056,[ 60.395171   121.53969255 180.56397217 241.54950809],[ 1.91924312 19.98315579  0.25718373  5.81312526  0.16743198  0.26439946
  0.49896801  0.6303276 ],__,-41.099999999999966,299.9913996101339,0.0675449511829807,
20190214,528466553,1097,1550165290.901515,106.26079049209511,143.47623220457882,5508.522576007467,[ 59.98845905 120.71302394 180.35298876 218.47194261 239.84603649],[ 2.46501756 19.98492105  0.31792464  8.02958164  0.22840127  0.36832521
  0.61484088  0.74896824  0.76919299],__,-41.51999999999998,331.7410695880681,0.06053744295883917,
20190214,528466553,1109,1550165212.1098206,106.76981249746287,143.34190740915108,5492.301321127426,[ 30.04344337  44.5563644   59.80094726  75.6474039  119.74998079
 149.16631791 179.20727156 238.14491526],[ 1.96480546 19.98542965  0.22096486  5.96401883  0.1865559   0.22219686
  0.1743104   0.37448512  0.28319977  0.48314702  0.49898799  0.80052214],__,-41.71999999999997,320.9395090315117,0.0408038707108241,
20190214,528445164,1173,1550158750.7401662,108.54276474116804,122.79262331858637,5192.989413992495,[ 60.74369195 121.7796025  182.87666722 244.19598392],[ 2.56936298 19.98537437  0.36830531  9.65867786  0.23033852  0.36963194
  0.57442966  0.84725994],__,-42.139999999999986,315.0980242736503,0.04998330706980497,
20190214,528445164,1176,1550158771.447178,109.76929944122658,126.560354805896,5725.058606743404,[ 29.59478326  44.48418047  59.67698044 119.26810616 178.86963783
 240.22233945],[ 1.7386     19.9877069   0.26814956  5.72415414  0.20049961  0.2307503
  0.15384755  0.28236309  0.47363986  0.69119291],__,-41.619999999999976,308.1955729306461,0.04522362247662107,
20190216,528889538,1223,1550357056.088963,95.93756789808361,118.5099885431839,5078.0039069909235,[ 30.68345044  61.6259053  122.83366101 184.54746389 247.35014014],[ 1.94133954 19.98306657  0.35489936  7.51042698  0.24910155  0.15390381
  0.23427111  0.3442101   0.59272659],__,-29.589999999999975,322.37286138178433,0.04903954012901984,
20190220,529597826,1131,1550702054.665057,93.3290698954226,112.78762100621746,6021.173154266815,[ 15.69216914  29.85567123  60.63286252 122.10840442 183.12042861
 243.19273411  81.60882742],[ 2.34580009 19.98955087  0.5548278   9.62547008  0.16706142  0.32146157
  0.16244044  0.27723272  0.43808983  0.6119055   0.29233479],__,-38.20999999999998,309.9885083586879,0.03847490507893151,
20190222,529813043,1180,1550804938.349272,88.62901347961238,123.22054994394527,5970.098458412887,[ 61.70396816 124.13575717 184.5281282  243.41510099],[ 1.77297137 19.9901741   0.34541323  5.79170719  0.15481864  0.26728485
  0.46373326  0.61836795],__,-43.73999999999998,291.43569950801526,0.07097798421209733,
20190222,529965781,1250,1550876927.4416323,106.58402473887723,147.20774362509064,6446.332090023162,[ 29.91892124  44.86648055  59.6227977  119.43558724 179.90245179],[ 2.28948154 19.9895042   0.27295994  6.89273263  0.20234402  0.21769599
  0.1996378   0.34924804  0.62747702],__,-43.24999999999997,319.8751809981619,0.06937375884983721,
20190222,529965781,1251,1550876922.2903926,105.38524236778609,146.90920552368758,6825.546439247171,[ 30.28333963  44.8279792   59.55412139 119.51025136 179.15299934
 239.37362435],[ 2.14455455 19.99111835  0.31989964  6.41249734  0.23412603  0.24803526
  0.18877443  0.33555668  0.56788744  0.7854144 ],__,-43.24999999999997,312.43407160805555,0.05351063311769078,
20190222,529924368,1122,1550858592.202579,106.23727730141162,99.44105598429238,6370.2936539161055,[ 30.60470277  46.4380431   61.39439027 122.70172311 183.38792286
 244.31538062],[ 1.56714691 19.98944693  0.41025559  7.32433907  0.21280207  0.21122982
  0.13030911  0.20795868  0.31168726  0.47133837],__,-47.109999999999985,321.64475026416693,0.026010975055502216,
20190226,530637329,1072,1551201895.8049939,107.2507804688788,114.01674918242853,5716.617064767164,[ 61.03496857 122.49221202 183.34571282],[ 2.54746    19.98679759  0.46301013 10.95215381  0.19919128  0.34246535
  0.54033238],__,-28.70999999999998,334.53355536082734,0.033063023777684816,
20190227,530718012,1160,1551235840.9670424,106.2239949462916,140.41744355291263,5597.6935505486135,[ 30.43164206  44.51446672  59.54304696 119.2361037  179.45940732],[ 2.26996805 19.98500056  0.26684435  7.43308405  0.36450942  0.3051754
  0.18666389  0.30529632  0.54629173],__,-26.649999999999977,333.8390655671632,0.07311322726613095,
20190227,530837746,1184,1551290837.3574698,109.8410321568082,152.9827264208133,5893.158383971488,[ 29.65280231  44.4587164   59.12349519 117.96683155 174.80442843
 230.70388722],[ 1.91875464 19.98700065  0.25974465  5.41544766  0.20372992  0.24849354
  0.14621872  0.25960407  0.45425683  0.51831847],__,-26.119999999999976,326.7356452276928,0.053424935850248254,
20190228,530900752,1138,1551314158.1376908,97.15000743457168,115.23741872918728,6124.129368971155,[ 15.45798197  47.45496094  61.39238241  80.03126262 123.63255971
 185.76900694 247.62633087],[ 1.67683148 19.98874735  0.35803219  6.47566152  0.15766457  0.23035754
  0.13787967  0.26110136  0.24103071  0.3723784   0.56651824],__,-31.44999999999999,317.5581454313779,0.052610778249395,
20190301,531225442,1150,1551467152.242727,107.72181810133512,127.4523567138732,5385.882039961649,[ 14.59453367  30.13259805  60.20363882 121.38069532 181.54280982
 243.91729038],[ 1.79651165 19.98436191  0.24774462  6.31260368  0.21908912  0.20206042
  0.16926847  0.27557242  0.42824194  0.57168091],__,-31.059999999999974,326.59524143462943,0.048210775870082274,
20190305,531760390,1128,1551748140.0852158,93.45356379681633,136.1497176027536,6002.703755057536,[ 15.17582392  29.43862911  45.07318837  60.04609898  79.77329854
 120.69245867 181.27731802 242.1821717 ],[ 1.55916643 19.98806675  0.19777968  4.72618821  0.21392781  0.30036351
  0.28991024  0.14350164  0.26636183  0.2315208   0.39766228  0.55333209],__,-30.819999999999965,316.2231438760632,0.06622940065790772,
20190306,532115657,1125,1551911149.3292792,88.4474844022609,107.8245736872344,5527.872337293071,[ 16.05267662  62.17146906 124.38438945 187.19731217 248.65998902],[ 1.82594068 19.98609194  0.40777287  7.73175953  0.20598197  0.15006347
  0.23384026  0.44133545  0.54427259],__,-35.389999999999986,321.3868443613339,0.0316111794862425,
20190306,532080023,1100,1551891690.103838,88.44236425474075,116.8332132856995,5622.8457724200325,[ 15.05796132  30.08406128  45.64093204  61.60537498 121.93774829
 183.05869826 245.07513551],[ 1.63949062 19.98598592  0.31502503  6.21266347  0.2665558   0.14837834
  0.17151634  0.12783945  0.19947498  0.32209465  0.55072201],__,-32.76999999999998,321.698833741782,0.04250942225485694,
20190307,532131051,1120,1551922574.287802,95.0903425067688,118.44518341198032,5134.123467058844,[ 14.45239462  31.30757523  46.38598067  61.81301167  78.84010956
  92.97026446 123.56375993 185.28997851 248.73514871],[ 1.6485637  19.9825997   0.24983443  6.11372327  0.19770613  0.17691471
  0.24626115  0.14135576  0.26076671  0.29890812  0.22421593  0.35475245
  0.53560538],__,-34.639999999999986,325.6542675183323,0.08660844442516977,
20190309,532520957,1062,1552095613.8992298,74.17533641521746,103.67069193010437,6414.565201946327,[ 15.54231553  30.0404901   61.03374505 122.00307091 183.26445825
 244.57273536],[ 1.87493749 19.99118467  0.63274853  8.06690532  0.26799017  0.22316572
  0.14147666  0.21859916  0.33966902  0.54119466],__,-35.91999999999999,297.1411575258193,0.04446885691908262,
20190311,532880874,1118,1552274913.8739796,105.53399187769173,123.18528467591234,4967.956457225717,[ 15.43365667  31.20625437  48.22066132  61.43460618 123.39530253
 185.70878886 247.67221476],[ 1.67855348 19.98183767  0.27828352  5.8599831   0.15903782  0.29967159
  0.22966095  0.13227765  0.20831011  0.32460857  0.50942   ],__,-40.309999999999974,320.73808723727933,0.07654222920722895,
20190316,533819833,1116,1552707128.6759079,106.02059670226579,112.55291867825703,5604.801830309375,[ 15.30255703  30.7017706   45.8221691   60.8405558   79.74399645
  90.70131791 123.24325294 184.41368421 246.98277134],[ 1.79991952 19.98633304  0.40360939  7.21841504  0.18508437  0.20561722
  0.28607735  0.13065084  0.26595274  0.29833101  0.19480793  0.32564932
  0.47027039],__,-36.39999999999998,319.62349069532087,0.044884579247315606,
20190318,534251910,1153,1552919632.0747626,107.34296904354244,146.75271311483024,5170.959710532045,[ 14.44249008  29.46638109  43.90908662  58.99943588 117.39001466
 177.02319589 237.62773982],[ 1.7935337  19.98230731  0.16431586  5.07826677  0.2013246   0.23093829
  0.2514142   0.15798721  0.2672927   0.40400467  0.61887666],__,-38.41999999999999,330.24071527358535,0.05766922981869756,
20190319,534369939,1085,1552966412.5276167,109.07190508187763,107.11321209317387,5813.30587976998,[ 15.600139    30.53159446  46.14668055  61.06017886  82.120452
 121.69106631 181.66879416 242.66604007],[ 1.79836764 19.98728272  0.39591047  7.68831246  0.14406576  0.18391003
  0.24938089  0.13951044  0.30504851  0.22811791  0.31726331  0.58522571],__,-36.50999999999999,322.7842412505814,0.03056205028786646,
20190321,534866445,1121,1553184249.4818165,107.03494773828395,119.18520003018628,6072.456438484736,[ 14.70994002  30.11638212  60.26687878  81.05550929 120.81651512
 180.98854915 242.36412427],[ 1.73117464 19.98876592  0.3264557   6.33777499  0.19797888  0.22676191
  0.1493186   0.24699602  0.25277457  0.42837392  0.55631241],__,-32.39999999999998,310.8992403468482,0.06958281906396364,
20190322,535141599,1116,1553298570.0503075,105.87308821188424,102.4960293703534,6275.786930690701,[ 15.58511563  31.12292648  44.97538488  60.65770888 121.22996801
 182.08095763 242.34904883],[ 2.24056977 19.99062248  0.54700136 10.22132023  0.24128356  0.27192179
  0.30126711  0.17911312  0.30799826  0.46072323  0.67407381],__,-29.349999999999966,312.25139361680425,0.053604025352969216,
20190323,535250369,1157,1553352566.5829217,107.52561055564331,137.497170258883,6002.310272657447,[ 59.79962135 119.93701176 180.07675577 237.93180866],[ 2.02038323 19.98818393  0.27075666  6.24590444  0.16859942  0.2905043
  0.4927194   0.70821862],__,-28.669999999999987,318.504262612777,0.03756945405807213,
