20190212,528131101,1247,1550010366.3169231,123.75902193393925,6970.128659119354,83.01176219710061,1550010350.6146004,304.92542127897366,[59.58318676 118.14573863 178.54511327],[23.58160389 527.16764517 15.0755838 95.42344604 6.97726651 14.4438475 23.27882334],__,-44.70999999999998,304.92542127897366,0.06532502100228588,
20190212,528131101,1248,1550010357.2096233,123.58954398000839,6900.011940758842,81.82974090132645,1550010340.0451646,302.9911291286617,[59.84390167 119.94413156],[22.0311528 488.2476487 14.9572381 86.0027167 6.69803463 12.53802607],__,-44.72999999999999,302.9911291286617,0.05750988634470388,
20190212,528131101,1253,1550010322.5237422,124.25562500892482,6916.826251714224,94.0155738401791,1550010309.2046146,298.12529323954044,[59.18542599 118.51617753],[22.05707363 488.37081931 14.92396105 89.22516327 7.87385364 15.85499968],__,-44.819999999999965,298.12529323954044,0.04377945377540005,
20190212,528131101,1254,1550010314.7692683,124.34711571497971,6995.516072261706,94.27011274568129,1550010301.83671,302.01934440981046,[59.63162531 119.31143663 178.86008716],[23.44684116 526.45373616 13.0457047 90.05873666 6.0151790 11.85206611 19.26956472],__,-44.839999999999975,302.01934440981046,0.06247005445336345,
20190212,528131101,1263,1550010252.29633,123.33663768717396,6803.270083011181,94.79184107699986,1550010239.4642205,302.13856615531495,[61.0512377 122.27780894 184.09060778],[23.51698219 526.80988802 14.57482113 93.73148986 6.46783177 12.20439792 20.48398862],__,-44.99999999999997,302.13856615531495,0.048214123505501236,
20190212,528131101,1300,1550009992.7188888,129.2198321263882,6984.50369962026,99.59800166449571,1550009984.8565118,301.0517957290261,[61.01939798 122.1357985 183.37546093],[23.36525263 525.28417139 11.15855765 82.91714482 5.35555297 10.0725917 17.0605632],__,-45.639999999999986,301.0517957290261,0.05088037934986206,
20190212,528131101,1304,1550009965.883775,129.53037742791582,6897.677888529601,99.15615310570938,1550009957.4221334,296.5136398065788,[59.73964044 119.85290009 179.29642095 239.58551535],[24.710694 560.60110359 11.10570097 88.04857648 5.57157382 9.57618177 15.19493191 17.60244189],__,-45.70999999999998,296.5136398065788,0.14496829882291165,
20190212,528100746,1232,1549993686.3155115,127.32476239169968,7196.703344801511,84.64091884161142,1549993664.887264,313.4917343948543,[58.77072904 117.65673846 176.60188153],[23.28782808 526.34872088 11.99669368 94.60558858 7.03247243 13.04047312 21.94957595],__,-42.839999999999975,313.4917343948543,0.045525456352368876,
20190212,528100746,1234,1549993700.3476908,130.38578341473968,7112.426971820203,88.23154732631536,1549993682.339247,318.7151963228596,[57.86121514 115.81142257 173.7081144],[23.08656886 524.8146968 10.33309197 83.97043355 5.19117333 8.37908808 13.64893877],__,-42.87999999999997,318.7151963228596,0.034329567727852284,
20190212,528100746,1242,1549993750.1833832,133.42204546788633,7242.74636343133,88.4648034713181,1549993732.6829884,314.4036676202584,[58.27240177 116.3973443 174.51910884],[23.33358799 525.00056335 11.26223163 81.49758967 4.80501267 7.79170246 12.71604588],__,-43.02999999999997,314.4036676202584,0.07667086953836398,
20190213,528269862,1160,1550076307.7984676,132.55406280315825,5450.044673702759,82.09556213945345,1550076281.2194395,306.918842277825,[59.39932736 118.84715806 177.61194145],[23.46858405 522.62182122 7.0597866 80.57683462 5.60562688 9.42609495 17.34362589],__,-44.98999999999998,306.918842277825,0.08374960531046921,
20190213,528269862,1161,1550076314.9807935,131.92674343266654,5606.282256722719,81.50817965475521,1550076288.059874,308.2921381019131,[43.46484919 59.77324061 77.81060332 119.28836953 178.32496921],[26.22028862 591.29315327 7.89598747 90.66559013 8.96886927 6.32874413 9.76165878 10.57231443 17.62957079],__,-44.98999999999998,308.2921381019131,0.10501553787119527,
20190213,528269862,1168,1550076356.2472456,129.75443635680054,5235.870886430098,81.27114358701307,1550076328.4050314,296.7691181989674,[15.0092159 60.52349433 78.9578998 122.06277351 181.943179],[26.39702356 590.62469281 7.46964742 87.56627146 5.73769975 6.23834891 9.60973593 10.57193361 17.60875221],__,-43.099999999999966,296.7691181989674,0.08658296055533368,
20190213,528269862,1169,1550076364.2363093,130.9967863872571,5161.858403744623,82.17248339972788,1550076337.202817,305.90961556749306,[14.83578738 30.40685956 60.88597394 78.45761314 121.56406143 182.44101873],[27.2809305 618.79798768 7.57763498 88.50748995 7.22147278 9.15463708 5.53565382 10.0383377 8.63643766 15.61004575],__,-43.099999999999966,305.90961556749306,0.110555878031458,
20190213,528269862,1175,1550076401.2533002,127.65970932330225,4844.838929939388,85.83607981999185,1550076377.233416,297.6330896520445,[60.680001 121.80025026 180.08461428 240.82158197],[24.11811123 550.18973335 6.72601623 75.30904781 4.74534759 7.33888966 14.36295623 16.65845088],__,-41.099999999999966,297.6330896520445,0.10510527817216604,
20190213,528312446,1196,1550099141.4597604,138.47912718627802,6045.324372317829,80.59385958690982,1550099113.6035502,293.6212404212417,[60.3686912 80.827922 123.72720999 186.18319491 243.75638323],[25.12074616 584.9762965 6.77128343 73.15928663 5.25776897 8.51135967 8.78876319 15.59259628 15.13863652],__,-47.889999999999986,293.6212404212417,0.19632792149603592,
20190213,528312446,1199,1550099123.8339705,139.8084623357371,5940.034838160387,84.30379761776301,1550099099.4628515,303.52452644919424,[59.68153417 119.90296609 178.90281124 237.32002351],[24.89066631 557.0035632 7.27628783 78.34266299 5.2513434 9.7203617 17.68979266 18.19543257],__,-47.889999999999986,303.52452644919424,0.08409685382657775,
20190213,528315197,1208,1550092180.8830788,142.69905489344941,6081.356956540739,86.14106091531605,1550092158.754673,296.96075351094083,[57.92543869 115.62775637 173.42974381],[23.82620715 523.44506058 6.5710265 73.25152593 5.70901205 10.10977831 15.83651474],__,-47.849999999999966,296.96075351094083,0.1340087727158288,
20190214,528467840,1081,1550165798.27423,102.29105195035739,7020.583231429879,55.89695840725959,1550165748.0146914,247.7515218639176,[14.86581998 30.09392842 60.7835766 121.58998428 182.86672006 242.1103737],[26.90364047 628.87842205 35.24606252 134.26696449 12.52480463 10.62231707 8.75785398 15.43973503 22.1536601 31.05540159],__,-45.94999999999999,247.7515218639176,0.07863794873490536,
20190214,528466553,1097,1550165290.901515,143.66951427468922,6173.052325142263,107.86122568952926,1550165291.1762016,312.8683151666756,[58.15099301 116.06062411 172.97672161 210.82352069 230.73291746],[25.98829341 589.38497443 7.36947642 84.04794291 5.59321296 9.42492134 15.53634403 18.3550125 18.30376086],__,-41.51999999999998,312.8683151666756,0.11195796015066971,
20190214,528466553,1109,1550165212.1098206,144.3044832196235,5856.039277568548,107.40597141668799,1550165211.395453,314.7776521529121,[29.57154036 44.16828566 58.93185324 74.30702624 118.10099089 147.48949543 176.91702243 234.08188938],[30.17616147 679.65129888 7.82554302 94.16464261 6.78040587 8.16215677 5.95364082 12.96645096 9.9059524 18.47553769 17.5301819 27.01279955],__,-41.71999999999997,314.7776521529121,0.059580283055395124,
20190214,528445164,1173,1550158750.7401662,123.66479307737872,5587.297725297577,109.10441329366921,1550158751.3668694,305.6979718771002,[60.41074312 120.87765264 181.28382719 240.47954815],[24.58682229 559.14183321 9.13931747 93.39850077 5.85429697 9.01954658 15.11255586 21.22296643],__,-42.139999999999986,305.6979718771002,0.05163925567639911,
20190214,528445164,1176,1550158771.447178,126.27801080097282,5377.446271040543,110.91560519033371,1550158773.5194,314.89439451841895,[29.53554215 44.56208628 60.30432525 120.55496009 180.84644941 242.23428874],[26.94591625 620.14065243 9.2712923 95.02042872 7.87793912 8.79865158 5.23797507 9.59614128 16.20430985 22.54649471],__,-41.619999999999976,314.89439451841895,0.07601722293133105,
20190216,528843896,1130,1550338087.5463407,148.08165540900453,6638.252989688346,34.51482897107392,1550338015.6033123,322.47724235243425,[14.73902073 29.69724492 40.80985728 59.78617705 119.72560905 154.76266484 179.74116329 238.20719586],[30.0685332 682.2208111 11.6219159 101.53193381 9.46104196 9.84866913 9.83560102 6.29813637 9.07128625 15.1917611 16.68689561 19.84023839],__,-40.559999999999974,322.47724235243425,0.12188971142546703,
20190216,528889538,1223,1550357056.088963,118.95307773840965,5484.305567563685,96.59804581221032,1550357043.0763001,314.0799650021432,[30.42276981 61.36252931 122.71205233 184.08092332 244.10372962],[25.45462101 591.27511677 10.87417635 101.72761013 8.7184141 5.23832728 8.26761475 12.50496822 20.15182612],__,-29.589999999999975,314.0799650021432,0.042230855823065905,
20190220,529597826,1131,1550702054.665057,113.32800929638304,5847.127505234829,95.37617185879694,1550702041.5061219,311.35776064867287,[15.17979777 28.87954597 60.86586726 121.82911883 182.48181489 243.03228836 81.00035859],[28.35145637 657.27638221 14.70718039 119.47065426 6.57582934 10.25677875 5.94704712 10.01170469 16.94901243 21.04055987 10.87917429],__,-38.20999999999998,311.35776064867287,0.058098556365067285,
20190222,529813043,1180,1550804938.349272,125.03312596858069,5413.655585477673,90.74002872363793,1550804920.1015656,302.3509046105455,[62.18167265 124.58270357 186.32222791 247.23350668],[24.04516193 554.52599734 8.34214236 82.42313433 4.70708252 8.08248045 14.9588139 17.85063964],__,-43.73999999999998,302.3509046105455,0.06517058078391551,
20190222,529965781,1250,1550876927.4416323,146.75247750883318,6799.860537127812,107.50843236074758,1550876927.3435476,311.35271788169365,[29.65572356 44.71777352 59.27737549 118.70115915 177.71127926],[26.80411856 593.82441742 8.97584942 83.52123522 7.01723951 7.25346707 5.95999199 10.72940338 19.66594386],__,-43.24999999999997,311.35271788169365,0.042611432112430445,
20190222,529965781,1251,1550876922.2903926,146.89735423562422,6748.761632242761,107.15872994707345,1550876921.7521255,311.8785115936982,[29.77078639 44.57239407 59.39647248 118.9873092 178.1773347 237.82253787],[27.77911166 623.85022178 9.0722775 86.2253586 8.02726682 8.22103319 5.57098987 10.15857952 17.64531608 23.68294718],__,-43.24999999999997,311.8785115936982,0.06004185079063519,
20190222,529924368,1122,1550858592.202579,100.29485113943316,6864.187596301556,106.25596301877047,1550858592.1333003,309.2062341659727,[30.17623255 45.70774927 60.82881227 121.73675831 182.58550743 242.432579],[26.04856794 628.44754924 18.96397415 123.12149959 9.75328519 10.50256681 5.62673351 9.06934365 14.72131249 19.99897642],__,-47.109999999999985,309.2062341659727,0.04183226326706382,
20190226,530637329,1072,1551201895.8049939,114.58169159062118,6040.267918330506,108.17647510558827,1551201895.7754326,322.2450334627987,[60.61578375 121.37307627 181.7529909],[22.78915258 525.47718868 13.807716 100.00083417 5.21092241 9.65674598 16.40453914],__,-28.70999999999998,322.2450334627987,0.02613505656924591,
20190227,530718012,1160,1551235840.9670424,140.20055624142034,5773.457323259932,107.39964170057404,1551235839.7585068,327.30607548964883,[29.5712035 43.58846968 59.52576531 118.88566705 177.94637686],[26.1818895 590.21605717 8.22411136 89.10229271 10.4839051 9.12628229 5.36730743 8.7277863 15.82281219],__,-26.649999999999977,327.30607548964883,0.05246703165115926,
20190227,530837746,1184,1551290837.3574698,153.45394830791008,5278.223862242348,112.01875813055105,1551290840.0969632,335.5279145349639,[29.36449313 44.31914196 58.58307036 117.55510386 175.77592864 233.17386394],[27.40159265 613.27091783 6.49977976 81.77984479 7.03946666 9.00826793 4.96051374 8.80283054 15.56961104 16.92201016],__,-26.119999999999976,335.5279145349639,0.07613391110578138,
20190228,530900752,1138,1551314158.1376908,115.66514172560683,5996.588346791912,98.11269533333116,1551314147.987124,317.583177289269,[15.48843633 46.71738464 62.04532335 80.12197876 124.16631255 186.11125185 247.8406743],[27.78680717 654.74598782 13.38960234 111.96592244 6.88295057 10.04558891 5.47964992 11.46053634 9.77191569 15.26695572 22.50459454],__,-31.44999999999999,317.583177289269,0.07237162589659848,
20190301,531225442,1150,1551467152.242727,127.6756034474769,5633.3413602197825,108.15034794092958,1551467151.6769004,320.7204201890681,[14.45203824 30.07235738 60.57079735 121.14997435 181.58412267 241.61618761],[26.88337961 621.27998145 8.89129842 98.31808085 7.96584262 7.35292074 5.9036342 9.47975494 15.47166421 18.73299931],__,-31.059999999999974,320.7204201890681,0.06014806723578257,
20190305,531760390,1128,1551748140.0852158,136.0695811588475,5827.780295281574,95.56745740553711,1551748127.1080673,317.0487218670682,[15.14072644 29.53232575 44.71302887 60.20032822 79.73668118 120.48739589 180.92431463 241.17034938],[29.06535673 676.06753548 7.36273152 91.82273793 9.04078734 11.55497424 11.85758049 5.53966449 10.91367021 8.53393057 15.4116841 19.37508457],__,-30.819999999999965,317.0487218670682,0.06351049292889202,
20190306,532115657,1125,1551911149.3292792,108.48021256307122,5756.996355921405,90.54584826109443,1551911131.0479016,314.75156596624385,[15.60401077 61.60560503 123.37232098 184.97052191 245.50632174],[24.98159377 592.97995148 13.65000907 107.35967324 7.91849098 5.31076921 8.27702425 15.86298009 18.78797461],__,-35.389999999999986,314.75156596624385,0.05613455138164153,
20190306,532080023,1100,1551891690.103838,117.46526394819766,5966.260899486803,89.29519258857,1551891671.2104611,313.4067339592551,[14.21716265 30.38383656 45.57173849 60.78675794 121.78987924 182.64256692 242.47809201],[28.17837759 655.29918631 12.85827631 109.46071958 11.69294387 6.92859937 7.93981817 5.64984295 9.2250555 15.35599734 23.13040636],__,-32.76999999999998,313.4067339592551,0.04068987083320077,
20190307,532131051,1120,1551922574.287802,119.93789088518494,5926.524188711708,96.29487695141589,1551922562.1704674,310.74694160541816,[13.42677384 30.45510074 45.66421643 61.04337235 77.11442979 91.41548338 122.09447805 183.2978176 243.88045282],[30.24261217 709.9096108 11.14794188 112.13890089 9.02101253 7.93454907 10.90073253 6.19141721 12.25179615 12.98882688 9.85058599 16.19580887 21.28547446],__,-34.639999999999986,310.74694160541816,0.09030911394268681,
20190309,532520957,1062,1552095613.8992298,102.9089426871789,6045.51253260774,77.63395924464793,1552095582.8499153,300.34969080177325,[14.60658885 30.10961706 61.0647491 122.05013442 183.08085692 244.15639319],[26.28771732 626.84134555 17.26315481 118.8001371 10.89390905 9.28398851 5.639985 8.72468121 13.70928799 21.42154678],__,-35.91999999999999,300.34969080177325,0.05936862468357128,
20190311,532880874,1118,1552274913.8739796,124.43831401739226,5749.884996732725,106.56481159604496,1552274911.9723473,309.2571389785259,[15.46308893 30.33641357 45.37847451 60.96229372 121.96972349 183.37205852 243.18289199],[28.16905668 652.22606659 11.06927684 101.08361879 6.73648101 12.95173022 11.35688668 5.59521741 8.92493204 14.21549383 20.53432176],__,-40.309999999999974,309.2571389785259,0.07892006803048243,
20190316,533819833,1116,1552707128.6759079,113.08878687435033,6036.251272853691,105.7889573720036,1552707126.3251705,310.74044235540947,[15.1522945 30.63274476 45.4223137 61.45192308 79.55663487 90.10205685 123.02845516 184.33731775 245.42577362],[30.42901223 713.41599832 15.41826521 124.79391317 8.76990561 9.48312578 13.18205797 5.93288241 12.29991145 14.52430849 9.1577338 15.73429213 21.15486425],__,-36.39999999999998,310.74044235540947,0.07195054436067788,
20190318,534251910,1153,1552919632.0747626,147.02854130189465,5499.625492126427,108.63262912520452,1552919631.922182,323.4254623401858,[14.1580057 28.75213548 42.95902531 58.21771031 116.48447681 174.88463327 233.73675555],[28.65250694 645.95579679 6.33722777 85.38139829 7.11403531 7.96374461 8.3632912 5.69829602 10.08140368 17.08912462 20.9523796],__,-38.41999999999999,323.4254623401858,0.10036090696927685,
20190319,534369939,1085,1552966412.5276167,108.1770629375127,6277.689662156267,108.93022083126426,1552966413.4706085,312.71100076505746,[15.18065079 30.35861763 45.27899862 60.61914081 81.52258229 121.34472977 181.76748474 240.9886295],[29.25010903 687.30104595 17.39164158 126.9130713 6.7044019 8.64645599 11.63370431 5.95898452 14.68052886 10.5297788 15.64670814 25.28693888],__,-36.50999999999999,312.71100076505746,0.05343056260059419,
20190321,534866445,1121,1553184249.4818165,118.61830065458267,6044.100287981481,107.07193586736473,1553184248.6763873,307.39219568644324,[14.71146196 29.9490597 61.09795797 81.32405698 121.9415959 182.36422541 242.01095687],[28.0749643 654.91932532 13.12335958 108.64676042 8.08857988 9.14292105 5.78004558 10.33417926 10.27970985 17.88538528 20.34131415],__,-32.39999999999998,307.39219568644324,0.08286128741263321,
20190322,535141599,1116,1553298570.0503075,103.73920924575162,6020.052872203547,107.25429039532415,1553298568.6633306,316.4745036790433,[15.2802513 30.6266021 45.00607158 60.92996403 121.78173274 182.47042208 243.31039068],[27.69934635 658.54305497 17.7264143 131.27090458 9.36798711 10.54489006 11.75127343 5.93436305 10.2787559 16.11622891 22.53567461],__,-29.349999999999966,316.4745036790433,0.060331751847265296,
20190323,535250369,1157,1553352566.5829217,137.1736905302802,5599.508590772628,109.2294457462869,1553352567.1112306,322.9937162117485,[60.05202708 120.23171319 180.19134669 239.04935721],[24.13938339 552.82715513 6.94049534 78.65220729 4.66691965 7.57826477 13.0742473 16.39766335],__,-28.669999999999987,322.9937162117485,0.07465472406417037,